epoch,total_loss,text_loss,tv_loss,tv_weight,l2_loss,l2_weight
0,0.580089807510376,12.32853464782238,0.6670382022857666,0.5,0.08335886150598526,0.0
1,0.5753865242004395,12.282814025878906,0.6594604849815369,0.5,0.08213410526514053,0.0
2,0.5712794661521912,12.292248159646988,0.6508690118789673,0.5,0.08076664060354233,0.0
3,0.5674569606781006,12.316325023770332,0.6422608494758606,0.5,0.07941226661205292,0.0
4,0.5631341934204102,12.304944932460785,0.6340705752372742,0.5,0.07813609391450882,0.0
5,0.5593075752258301,12.306559398770332,0.6263527870178223,0.5,0.07694168388843536,0.0
6,0.5551825761795044,12.28827366232872,0.6188341379165649,0.5,0.07579139620065689,0.0
7,0.5510938167572021,12.268494695425034,0.6114478707313538,0.5,0.07466904819011688,0.0
8,0.5480656027793884,12.290856510400772,0.604496955871582,0.5,0.073623426258564,0.0
9,0.5445120930671692,12.28007784485817,0.5978211164474487,0.5,0.07262416929006577,0.0
10,0.5411429405212402,12.277981609106064,0.591166615486145,0.5,0.07163748890161514,0.0
11,0.537649393081665,12.270485818386078,0.5844793319702148,0.5,0.07065057009458542,0.0
12,0.5344949960708618,12.28021714091301,0.5777813196182251,0.5,0.06966737657785416,0.0
13,0.5305233001708984,12.247983321547508,0.5711272954940796,0.5,0.06869519501924515,0.0
14,0.5269308090209961,12.233899414539337,0.5645055770874023,0.5,0.06773257255554199,0.0
15,0.5231572389602661,12.209884747862816,0.5579190254211426,0.5,0.06677888333797455,0.0
16,0.5202354192733765,12.226970613002777,0.5513920783996582,0.5,0.06583989411592484,0.0
17,0.5173836946487427,12.244187220931053,0.5449998378753662,0.5,0.06492806226015091,0.0
18,0.5134859085083008,12.207241967320442,0.5386821031570435,0.5,0.06403128802776337,0.0
19,0.5106176137924194,12.220507964491844,0.5324149131774902,0.5,0.06314539909362793,0.0
20,0.5067428350448608,12.181706219911575,0.5262174010276794,0.5,0.06227435544133186,0.0
21,0.5041136741638184,12.19000843167305,0.520626962184906,0.5,0.06148242950439453,0.0
22,0.5009984970092773,12.173142537474632,0.5150712728500366,0.5,0.060699138790369034,0.0
23,0.4990242123603821,12.208512037992477,0.5097079277038574,0.5,0.059945352375507355,0.0
24,0.49516934156417847,12.148205235600471,0.5044105052947998,0.5,0.059206221252679825,0.0
25,0.4928825795650482,12.164654523134232,0.4991789758205414,0.5,0.058482520282268524,0.0
26,0.4906396269798279,12.181496873497963,0.49401938915252686,0.5,0.05777391791343689,0.0
27,0.4866292476654053,12.109569117426872,0.48887574672698975,0.5,0.05707097053527832,0.0
28,0.48447051644325256,12.127891138195992,0.4838253855705261,0.5,0.0563831590116024,0.0
29,0.4818483889102936,12.122072651982307,0.47881388664245605,0.5,0.05570348724722862,0.0
30,0.4800536334514618,12.157025963068008,0.47382622957229614,0.5,0.05502934381365776,0.0
31,0.4769483506679535,12.125657752156258,0.4688704013824463,0.5,0.054362572729587555,0.0
32,0.47475749254226685,12.13865041732788,0.4639689326286316,0.5,0.05370596796274185,0.0
33,0.4713875651359558,12.091735914349556,0.4591057300567627,0.5,0.05305802449584007,0.0
34,0.4687328040599823,12.078951209783554,0.45430755615234375,0.5,0.05242214724421501,0.0
35,0.4658295512199402,12.05275110900402,0.4495490789413452,0.5,0.05179287865757942,0.0
36,0.4632302522659302,12.040552988648415,0.44483840465545654,0.5,0.05117315798997879,0.0
37,0.46111661195755005,12.050709754228592,0.44020479917526245,0.5,0.05056771636009216,0.0
38,0.4581942856311798,12.017655819654465,0.4356823265552521,0.5,0.04998020455241203,0.0
39,0.4560473561286926,12.02263654768467,0.43118923902511597,0.5,0.04939795285463333,0.0
40,0.45314472913742065,11.987492874264717,0.4267897605895996,0.5,0.048829562962055206,0.0
41,0.45135948061943054,12.007108181715012,0.42243462800979614,0.5,0.048270516097545624,0.0
42,0.4500006139278412,12.047122776508331,0.41811633110046387,0.5,0.047719504684209824,0.0
43,0.44689980149269104,11.998875677585602,0.41384458541870117,0.5,0.04717521741986275,0.0
44,0.4445066452026367,11.984944120049477,0.40961551666259766,0.5,0.04663749411702156,0.0
45,0.4412359297275543,11.92527486383915,0.4054608643054962,0.5,0.04611111059784889,0.0
46,0.4402911067008972,11.980882048606873,0.401346892118454,0.5,0.045591551810503006,0.0
47,0.43725907802581787,11.931336805224419,0.39726465940475464,0.5,0.04507661238312721,0.0
48,0.4353407025337219,11.936023160815239,0.39324045181274414,0.5,0.04457210749387741,0.0
49,0.43417152762413025,11.976606771349907,0.389278769493103,0.5,0.04407744109630585,0.0
50,0.43186014890670776,11.958790346980095,0.3853686451911926,0.5,0.04359106719493866,0.0
51,0.4288146197795868,11.903248384594917,0.3814992904663086,0.5,0.043111708015203476,0.0
52,0.427165687084198,11.913110703229904,0.3778069317340851,0.5,0.04265259951353073,0.0
53,0.4254519045352936,11.917879551649094,0.374188631772995,0.5,0.042203642427921295,0.0
54,0.42386186122894287,11.926872730255127,0.3706488013267517,0.5,0.041765064001083374,0.0
55,0.4217657744884491,11.907967239618301,0.36721286177635193,0.5,0.04133981093764305,0.0
56,0.41974136233329773,11.89101792871952,0.3638420104980469,0.5,0.040924787521362305,0.0
57,0.41750460863113403,11.861760810017586,0.3605387508869171,0.5,0.040520794689655304,0.0
58,0.4164762794971466,11.891718536615372,0.3572838306427002,0.5,0.04012508690357208,0.0
59,0.4147440493106842,11.885629400610924,0.35406291484832764,0.5,0.03973544389009476,0.0
60,0.41267117857933044,11.862127497792244,0.3508572578430176,0.5,0.03935031220316887,0.0
61,0.41121065616607666,11.867807179689407,0.3477090001106262,0.5,0.03897375613451004,0.0
62,0.4095066785812378,11.859962448477745,0.34461483359336853,0.5,0.038606490939855576,0.0
63,0.40789932012557983,11.85570204257965,0.34157055616378784,0.5,0.03824593499302864,0.0
64,0.4072788953781128,11.899790912866592,0.3385661244392395,0.5,0.037890832871198654,0.0
65,0.4052731692790985,11.872447788715363,0.33564841747283936,0.5,0.037547338753938675,0.0
66,0.40350091457366943,11.855524316430092,0.3327808976173401,0.5,0.03721117973327637,0.0
67,0.4021546244621277,11.855891898274422,0.33007359504699707,0.5,0.03688966855406761,0.0
68,0.4006931483745575,11.847990825772285,0.3274666666984558,0.5,0.03658132255077362,0.0
69,0.3993801474571228,11.845539152622223,0.32493868470191956,0.5,0.036282069981098175,0.0
70,0.39752280712127686,11.814720153808594,0.3224567770957947,0.5,0.03599023446440697,0.0
71,0.39620673656463623,11.810262963175774,0.3200029134750366,0.5,0.03570401668548584,0.0
72,0.39582306146621704,11.851730227470398,0.31757688522338867,0.5,0.03542238846421242,0.0
73,0.39451873302459717,11.846931472420692,0.31516021490097046,0.5,0.03514299541711807,0.0
74,0.3934011459350586,11.850346624851227,0.3127884268760681,0.5,0.03487104922533035,0.0
75,0.392058789730072,11.841663122177124,0.31045103073120117,0.5,0.0346032939851284,0.0
76,0.39034605026245117,11.814080715179443,0.30812883377075195,0.5,0.034338708966970444,0.0
77,0.38920870423316956,11.814869225025177,0.3058226406574249,0.5,0.034077029675245285,0.0
78,0.3881880044937134,11.821126997470856,0.3035309314727783,0.5,0.03381793200969696,0.0
79,0.3877931237220764,11.858389556407928,0.301250696182251,0.5,0.03356071189045906,0.0
80,0.3861858546733856,11.835009440779686,0.2989713251590729,0.5,0.0333043709397316,0.0
81,0.38426846265792847,11.79584114253521,0.2967032790184021,0.5,0.033049460500478745,0.0
82,0.38311412930488586,11.79386867582798,0.2944734990596771,0.5,0.03279905393719673,0.0
83,0.3819289207458496,11.79006053507328,0.2922554612159729,0.5,0.032549578696489334,0.0
84,0.38051289319992065,11.774209722876549,0.2900574207305908,0.5,0.03230197727680206,0.0
85,0.37921005487442017,11.763520553708076,0.2878792881965637,0.5,0.03205619007349014,0.0
86,0.3785068988800049,11.781951263546944,0.2857357859611511,0.5,0.03181418403983116,0.0
87,0.3771156072616577,11.765158370137215,0.28362488746643066,0.5,0.03157530352473259,0.0
88,0.3754928410053253,11.736018940806389,0.28154492378234863,0.5,0.0313396118581295,0.0
89,0.37478435039520264,11.752184852957726,0.27948132157325745,0.5,0.031104836612939835,0.0
90,0.37348997592926025,11.738778114318848,0.27742883563041687,0.5,0.030871225520968437,0.0
91,0.3720408082008362,11.71763889491558,0.2753760814666748,0.5,0.03063894622027874,0.0
92,0.3709448277950287,11.713375747203827,0.2733546197414398,0.5,0.0304118562489748,0.0
93,0.3702365756034851,11.727949231863022,0.27135518193244934,0.5,0.03018701635301113,0.0
94,0.3686907887458801,11.699460625648499,0.2694031298160553,0.5,0.029967697337269783,0.0
95,0.36703377962112427,11.664656892418861,0.26748126745224,0.5,0.029750347137451172,0.0
96,0.3658789396286011,11.654342696070671,0.26558417081832886,0.5,0.029536379501223564,0.0
97,0.364723265171051,11.643726155161858,0.2636975049972534,0.5,0.02932489477097988,0.0
98,0.36341339349746704,11.624609813094139,0.26184242963790894,0.5,0.029116526246070862,0.0
99,0.36185422539711,11.592200890183449,0.2600204050540924,0.5,0.02891155146062374,0.0
100,0.3609580993652344,11.592672362923622,0.25820931792259216,0.5,0.028708523139357567,0.0
101,0.3608279228210449,11.628846526145935,0.2565019726753235,0.5,0.028518468141555786,0.0
102,0.35995593667030334,11.62579295039177,0.2548801600933075,0.5,0.02833494544029236,0.0
103,0.35898321866989136,11.61556200683117,0.25334393978118896,0.5,0.02816087007522583,0.0
104,0.3586474657058716,11.635055258870125,0.25189274549484253,0.5,0.027994396165013313,0.0
105,0.3584011197090149,11.657228648662567,0.25051307678222656,0.5,0.027837064117193222,0.0
106,0.35714179277420044,11.626901298761368,0.24920755624771118,0.5,0.027687059715390205,0.0
107,0.35697323083877563,11.649766966700554,0.24795573949813843,0.5,0.02754318155348301,0.0
108,0.3564903140068054,11.65579004585743,0.24674904346466064,0.5,0.027406413108110428,0.0
109,0.355168879032135,11.618624731898308,0.24559280276298523,0.5,0.02727554552257061,0.0
110,0.35687392950057983,11.732297405600548,0.2444559931755066,0.5,0.027149444445967674,0.0
111,0.3549083471298218,11.661763548851013,0.24334615468978882,0.5,0.027027910575270653,0.0
112,0.35387057065963745,11.635232895612717,0.2423318326473236,0.5,0.02691466175019741,0.0
113,0.3524808883666992,11.588927656412125,0.2414046823978424,0.5,0.026808952912688255,0.0
114,0.35172200202941895,11.573267087340355,0.24051335453987122,0.5,0.02670990489423275,0.0
115,0.3518570065498352,11.602314323186874,0.23962143063545227,0.5,0.026613229885697365,0.0
116,0.3495822846889496,11.510638937354088,0.2387390285730362,0.5,0.026519300416111946,0.0
117,0.35013267397880554,11.5601075142622,0.2378610521554947,0.5,0.02642936259508133,0.0
118,0.3498845100402832,11.570297911763191,0.23695707321166992,0.5,0.026339946314692497,0.0
119,0.3494225740432739,11.57014125585556,0.23603951930999756,0.5,0.026249751448631287,0.0
120,0.34867843985557556,11.556650564074516,0.23509085178375244,0.5,0.02615898661315441,0.0
121,0.34754329919815063,11.5232442766428,0.2341568022966385,0.5,0.02606838382780552,0.0
122,0.34801575541496277,11.564522042870522,0.23345062136650085,0.5,0.02599579468369484,0.0
123,0.3465743660926819,11.505083248019218,0.23294541239738464,0.5,0.025942165404558182,0.0
124,0.3468615412712097,11.530157446861267,0.2325168251991272,0.5,0.025899693369865417,0.0
125,0.3452834486961365,11.46042087674141,0.23215001821517944,0.5,0.025865426287055016,0.0
126,0.34583792090415955,11.496232867240906,0.231826514005661,0.5,0.02583792619407177,0.0
127,0.3447275757789612,11.447273343801498,0.23156419396400452,0.5,0.025815220549702644,0.0
128,0.3450436294078827,11.469662979245186,0.2313007414340973,0.5,0.02579699270427227,0.0
129,0.3437281847000122,11.409627005457878,0.23107126355171204,0.5,0.025783682242035866,0.0
130,0.3446509838104248,11.46108266711235,0.23085863888263702,0.5,0.02577352523803711,0.0
131,0.3433598279953003,11.401379138231277,0.23066450655460358,0.5,0.025767503306269646,0.0
132,0.3427944481372833,11.37781846523285,0.23047615587711334,0.5,0.025765012949705124,0.0
133,0.3434273898601532,11.413480922579765,0.23031555116176605,0.5,0.025765571743249893,0.0
134,0.3430786728858948,11.40022911131382,0.23014822602272034,0.5,0.025765860453248024,0.0
135,0.34299182891845703,11.400676399469376,0.22995662689208984,0.5,0.025766490027308464,0.0
136,0.343728244304657,11.443366587162018,0.22972184419631958,0.5,0.02576509676873684,0.0
137,0.34081417322158813,11.303172424435616,0.22950145602226257,0.5,0.02576497755944729,0.0
138,0.34238117933273315,11.386946052312851,0.22928452491760254,0.5,0.025764869526028633,0.0
139,0.34198957681655884,11.372748002409935,0.22906923294067383,0.5,0.025763632729649544,0.0
140,0.34109967947006226,11.334290161728859,0.22882777452468872,0.5,0.025764599442481995,0.0
141,0.3407387137413025,11.32248304784298,0.22857806086540222,0.5,0.02576444298028946,0.0
142,0.34060728549957275,11.32283017039299,0.22830140590667725,0.5,0.025763126090168953,0.0
143,0.34063851833343506,11.331322610378265,0.22802412509918213,0.5,0.02576134353876114,0.0
144,0.3415970802307129,11.385690793395042,0.2277664840221405,0.5,0.025763336569070816,0.0
145,0.3413509130477905,11.379326105117798,0.22752876579761505,0.5,0.025766871869564056,0.0
146,0.34034615755081177,11.335236579179764,0.22728288173675537,0.5,0.025769734755158424,0.0
147,0.34120744466781616,11.384900465607643,0.22701889276504517,0.5,0.025771325454115868,0.0
148,0.3407316207885742,11.368273496627808,0.2267322987318039,0.5,0.025769898667931557,0.0
149,0.34008803963661194,11.343746721744537,0.22642621397972107,0.5,0.025767413899302483,0.0
150,0.33945590257644653,11.32037065923214,0.2260970175266266,0.5,0.02576250024139881,0.0
151,0.33899664878845215,11.305787295103073,0.2257618010044098,0.5,0.02575717866420746,0.0
152,0.33824920654296875,11.27586880326271,0.2254636287689209,0.5,0.025753507390618324,0.0
153,0.33930712938308716,11.336532607674599,0.22515299916267395,0.5,0.025749074295163155,0.0
154,0.33877626061439514,11.317891374230385,0.22483685612678528,0.5,0.02574470452964306,0.0
155,0.33803415298461914,11.289231613278389,0.22449901700019836,0.5,0.02573864348232746,0.0
156,0.3383287191390991,11.31304669380188,0.22413556277751923,0.5,0.025730444118380547,0.0
157,0.3387312889099121,11.343091502785683,0.223738893866539,0.5,0.025718335062265396,0.0
158,0.3379378318786621,11.313471972942352,0.22333675622940063,0.5,0.025706207379698753,0.0
159,0.3380551040172577,11.329830303788185,0.22291699051856995,0.5,0.025693923234939575,0.0
160,0.3370165526866913,11.289069131016731,0.22247035801410675,0.5,0.025678176432847977,0.0
161,0.3376837372779846,11.33414015173912,0.22200188040733337,0.5,0.025659741833806038,0.0
162,0.33685481548309326,11.304954752326012,0.22151145339012146,0.5,0.025639649480581284,0.0
163,0.3370214104652405,11.32540813088417,0.22102653980255127,0.5,0.025617502629756927,0.0
164,0.33563822507858276,11.268490433692932,0.22053679823875427,0.5,0.025594763457775116,0.0
165,0.3371690809726715,11.355722323060036,0.22010929882526398,0.5,0.02557787299156189,0.0
166,0.3353530168533325,11.27501729130745,0.21970537304878235,0.5,0.02556350640952587,0.0
167,0.3355061411857605,11.29167553782463,0.21934524178504944,0.5,0.025551576167345047,0.0
168,0.33575376868247986,11.313006788492203,0.21898727118968964,0.5,0.02553691528737545,0.0
169,0.3355441987514496,11.311031818389893,0.21864712238311768,0.5,0.025522170588374138,0.0
170,0.3348802626132965,11.28624314069748,0.21831080317497253,0.5,0.025507844984531403,0.0
171,0.33368566632270813,11.235160022974014,0.21796491742134094,0.5,0.02549312263727188,0.0
172,0.3346012830734253,11.289968773722649,0.21760380268096924,0.5,0.025477074086666107,0.0
173,0.33459287881851196,11.298898965120316,0.21722982823848724,0.5,0.02545892633497715,0.0
174,0.33383414149284363,11.270714789628983,0.21683970093727112,0.5,0.02543719857931137,0.0
175,0.33424055576324463,11.301087141036987,0.21643763780593872,0.5,0.025415299460291862,0.0
176,0.3343866467475891,11.318200767040253,0.2160452902317047,0.5,0.02539449743926525,0.0
177,0.3322232961654663,11.218410849571228,0.21571014821529388,0.5,0.02537783794105053,0.0
178,0.3339917063713074,11.314052820205688,0.21542131900787354,0.5,0.02536468394100666,0.0
179,0.33237767219543457,11.24042671918869,0.21513831615447998,0.5,0.025353558361530304,0.0
180,0.33254238963127136,11.254753112792969,0.214894637465477,0.5,0.025346800684928894,0.0
181,0.3330053687095642,11.282878041267395,0.21469563245773315,0.5,0.02534262277185917,0.0
182,0.3319861888885498,11.236652925610542,0.21450623869895935,0.5,0.025339758023619652,0.0
183,0.33275407552719116,11.280294805765152,0.2142963707447052,0.5,0.025336317718029022,0.0
184,0.33207643032073975,11.252334281802177,0.2140595018863678,0.5,0.025328926742076874,0.0
185,0.3320459723472595,11.257100030779839,0.21380795538425446,0.5,0.025319848209619522,0.0
186,0.33155298233032227,11.239209949970245,0.2135375440120697,0.5,0.025308875367045403,0.0
187,0.3318711519241333,11.261679142713547,0.21327510476112366,0.5,0.025298258289694786,0.0
188,0.33130213618278503,11.239665895700455,0.21301762759685516,0.5,0.02528773620724678,0.0
189,0.3307357132434845,11.217041119933128,0.21278977394104004,0.5,0.025279875844717026,0.0
190,0.3301081657409668,11.191011905670166,0.21257588267326355,0.5,0.025273235514760017,0.0
191,0.3301684260368347,11.199919998645782,0.2123400866985321,0.5,0.025264276191592216,0.0
192,0.3299404978752136,11.194998532533646,0.21208107471466064,0.5,0.025254100561141968,0.0
193,0.33073005080223083,11.240718021988869,0.21183140575885773,0.5,0.025243859738111496,0.0
194,0.32940250635147095,11.18106858432293,0.21156229078769684,0.5,0.02523202821612358,0.0
195,0.3297916352748871,11.208189100027084,0.21125569939613342,0.5,0.025216806679964066,0.0
196,0.33004695177078247,11.229084685444832,0.2109304964542389,0.5,0.025199739262461662,0.0
197,0.3298183083534241,11.22598235309124,0.21059730648994446,0.5,0.025181692093610764,0.0
198,0.32887494564056396,11.188212871551514,0.21022135019302368,0.5,0.025160051882267,0.0
199,0.3296160101890564,11.23531723022461,0.20981934666633606,0.5,0.02513539418578148,0.0
200,0.32902616262435913,11.216685697436333,0.20938488841056824,0.5,0.025109028443694115,0.0
201,0.3286082148551941,11.207002952694893,0.20893633365631104,0.5,0.025079714134335518,0.0
202,0.32848304510116577,11.212330892682076,0.2084728181362152,0.5,0.025048572570085526,0.0
203,0.32778945565223694,11.189591258764267,0.2079952508211136,0.5,0.02501642517745495,0.0
204,0.3279866576194763,11.211750090122223,0.2075033187866211,0.5,0.024982059374451637,0.0
205,0.3274688124656677,11.198218196630478,0.20700888335704803,0.5,0.024946026504039764,0.0
206,0.32679346203804016,11.177288115024567,0.20649540424346924,0.5,0.02490762434899807,0.0
207,0.3273586332798004,11.21816897392273,0.2059904932975769,0.5,0.024869928136467934,0.0
208,0.32689452171325684,11.207008600234985,0.20550867915153503,0.5,0.024835554882884026,0.0
209,0.3257123529911041,11.159649789333344,0.20503874123096466,0.5,0.024802975356578827,0.0
210,0.3256237208843231,11.166832745075226,0.2045741230249405,0.5,0.024771567434072495,0.0
211,0.32650232315063477,11.222430765628815,0.20410743355751038,0.5,0.024739496409893036,0.0
212,0.3254115879535675,11.179956048727036,0.2036249339580536,0.5,0.02470628172159195,0.0
213,0.3251623511314392,11.179893970489502,0.20312894880771637,0.5,0.024671494960784912,0.0
214,0.3240768611431122,11.137518003582954,0.20265299081802368,0.5,0.02463824860751629,0.0
215,0.3239848017692566,11.14478014409542,0.20217838883399963,0.5,0.02460465021431446,0.0
216,0.32416242361068726,11.165676310658455,0.20169776678085327,0.5,0.02456984482705593,0.0
217,0.32326751947402954,11.133369699120522,0.20120024681091309,0.5,0.02453288622200489,0.0
218,0.32206064462661743,11.085077673196793,0.20071817934513092,0.5,0.024495447054505348,0.0
219,0.32326212525367737,11.15748406946659,0.2002248764038086,0.5,0.024456914514303207,0.0
220,0.3223670423030853,11.125664606690407,0.1997075229883194,0.5,0.024415723979473114,0.0
221,0.32240504026412964,11.141063868999481,0.19916750490665436,0.5,0.02437128685414791,0.0
222,0.3220179080963135,11.135203093290329,0.19862765073776245,0.5,0.02432635799050331,0.0
223,0.32088416814804077,11.090333729982376,0.1981549859046936,0.5,0.02428220957517624,0.0
224,0.3216930627822876,11.141291379928589,0.19773444533348083,0.5,0.024241508916020393,0.0
225,0.32090163230895996,11.111408963799477,0.19734686613082886,0.5,0.02420329675078392,0.0
226,0.3207393288612366,11.112928479909897,0.19696155190467834,0.5,0.024165891110897064,0.0
227,0.3194010853767395,11.05544926226139,0.19658419489860535,0.5,0.02413136512041092,0.0
228,0.319178968667984,11.0535858720541,0.196214497089386,0.5,0.024098524823784828,0.0
229,0.3196564018726349,11.084337294101715,0.19593928754329681,0.5,0.024076832458376884,0.0
230,0.3202003538608551,11.116649731993675,0.19573469460010529,0.5,0.024063726887106895,0.0
231,0.32026615738868713,11.123430415987968,0.19559510052204132,0.5,0.02405693754553795,0.0
232,0.3200230598449707,11.114728406071663,0.19545696675777435,0.5,0.024052701890468597,0.0
233,0.3201056718826294,11.12210038304329,0.19532737135887146,0.5,0.024051347747445107,0.0
234,0.32045358419418335,11.14262866973877,0.1952020525932312,0.5,0.024051008746027946,0.0
235,0.32012027502059937,11.129214361310005,0.1950719952583313,0.5,0.024050673469901085,0.0
236,0.31909751892089844,11.081174284219742,0.19494810700416565,0.5,0.024049386382102966,0.0
237,0.3200319707393646,11.131747126579285,0.19479404389858246,0.5,0.024045605212450027,0.0
238,0.3187306821346283,11.071660295128822,0.19459494948387146,0.5,0.024037905037403107,0.0
239,0.3190154731273651,11.091604232788086,0.19436678290367126,0.5,0.024027181789278984,0.0
240,0.3197888731956482,11.136602967977524,0.19411364197731018,0.5,0.02401392161846161,0.0
241,0.3206080198287964,11.183402568101883,0.19387993216514587,0.5,0.024000659584999084,0.0
242,0.3184058368206024,11.078404739499092,0.19367550313472748,0.5,0.023989172652363777,0.0
243,0.31939780712127686,11.132841691374779,0.19348198175430298,0.5,0.023977752774953842,0.0
244,0.320027232170105,11.168332055211067,0.19332116842269897,0.5,0.023967910557985306,0.0
245,0.3189779222011566,11.11880213022232,0.19320374727249146,0.5,0.023961449041962624,0.0
246,0.31903159618377686,11.123568460345268,0.19312046468257904,0.5,0.023956578224897385,0.0
247,0.3180031180381775,11.074144944548607,0.1930404007434845,0.5,0.02395154908299446,0.0
248,0.3190925121307373,11.129833728075027,0.19299164414405823,0.5,0.023947743698954582,0.0
249,0.3184613585472107,11.100073412060738,0.1929197907447815,0.5,0.0239434652030468,0.0
250,0.3177793025970459,11.068186089396477,0.19283117353916168,0.5,0.02393731102347374,0.0
251,0.3176566958427429,11.065216436982155,0.19270476698875427,0.5,0.023929132148623466,0.0
252,0.31766608357429504,11.069390788674355,0.19255654513835907,0.5,0.02391902357339859,0.0
253,0.3186222016811371,11.121567398309708,0.19238170981407166,0.5,0.0239070113748312,0.0
254,0.3174743056297302,11.069649323821068,0.19216260313987732,0.5,0.023891223594546318,0.0
255,0.3187459707260132,11.13971509039402,0.19190335273742676,0.5,0.023873155936598778,0.0
256,0.31893056631088257,11.15668585896492,0.191593736410141,0.5,0.023851895704865456,0.0
257,0.317861944437027,11.112254992127419,0.19123369455337524,0.5,0.023827655240893364,0.0
258,0.31753483414649963,11.104692608118057,0.19088195264339447,0.5,0.0238034687936306,0.0
259,0.31729331612586975,11.100720718502998,0.1905578076839447,0.5,0.02377944439649582,0.0
260,0.31715092062950134,11.101732090115547,0.1902325451374054,0.5,0.023754943162202835,0.0
261,0.3173651695251465,11.120464742183685,0.18991172313690186,0.5,0.023729665204882622,0.0
262,0.31728893518447876,11.124595493078232,0.18959403038024902,0.5,0.02370482310652733,0.0
263,0.31699734926223755,11.11771635711193,0.18928608298301697,0.5,0.023681093007326126,0.0
264,0.31600841879844666,11.074855461716652,0.18902261555194855,0.5,0.02366066351532936,0.0
265,0.3161811828613281,11.089513018727303,0.18878187239170074,0.5,0.023641902953386307,0.0
266,0.3169603943824768,11.133291348814964,0.1885891556739807,0.5,0.023626556620001793,0.0
267,0.3172319233417511,11.151581197977066,0.18840059638023376,0.5,0.023610789328813553,0.0
268,0.31562817096710205,11.076092809438705,0.18821263313293457,0.5,0.02359539084136486,0.0
269,0.3153470754623413,11.065861135721207,0.1880597323179245,0.5,0.023581815883517265,0.0
270,0.31598562002182007,11.101681530475616,0.18790394067764282,0.5,0.023568544536828995,0.0
271,0.31632041931152344,11.122910246253014,0.18772441148757935,0.5,0.023553594946861267,0.0
272,0.316295325756073,11.127445995807648,0.18749278783798218,0.5,0.02353375218808651,0.0
273,0.3156893849372864,11.103734567761421,0.18722939491271973,0.5,0.023510873317718506,0.0
274,0.31527283787727356,11.08903731405735,0.18698418140411377,0.5,0.02348901517689228,0.0
275,0.31508567929267883,11.086191326379776,0.18672369420528412,0.5,0.023465225473046303,0.0
276,0.3139537572860718,11.036924049258232,0.18643051385879517,0.5,0.023439986631274223,0.0
277,0.3153265714645386,11.112750515341759,0.186143159866333,0.5,0.02341422252357006,0.0
278,0.31349992752075195,11.028908297419548,0.1858435571193695,0.5,0.023387612774968147,0.0
279,0.31347137689590454,11.034924075007439,0.18554580211639404,0.5,0.02336077019572258,0.0
280,0.31428825855255127,11.083997517824173,0.18521657586097717,0.5,0.023330874741077423,0.0
281,0.3133234977722168,11.044006705284119,0.18488672375679016,0.5,0.023299794644117355,0.0
282,0.3139040470123291,11.081615135073662,0.1845434606075287,0.5,0.023267168551683426,0.0
283,0.31300079822540283,11.044464483857155,0.18422305583953857,0.5,0.023236718028783798,0.0
284,0.31256458163261414,11.031243994832039,0.18387939035892487,0.5,0.02320653200149536,0.0
285,0.3122282028198242,11.022925451397896,0.18353936076164246,0.5,0.023177262395620346,0.0
286,0.312889039516449,11.063841357827187,0.1832244098186493,0.5,0.023150384426116943,0.0
287,0.3117145895957947,11.013078719377518,0.18290600180625916,0.5,0.0231233611702919,0.0
288,0.3110707998275757,10.989036872982979,0.1825800985097885,0.5,0.023094741627573967,0.0
289,0.3111182451248169,11.000181213021278,0.18222922086715698,0.5,0.02306445688009262,0.0
290,0.31087175011634827,10.996717721223831,0.18187478184700012,0.5,0.02303408272564411,0.0
291,0.31138962507247925,11.031659364700317,0.18151286244392395,0.5,0.02300247922539711,0.0
292,0.31075793504714966,11.00934387743473,0.1811421513557434,0.5,0.0229696873575449,0.0
293,0.3096006512641907,10.96083852648735,0.18076775968074799,0.5,0.02293683961033821,0.0
294,0.30896127223968506,10.938532069325447,0.18038129806518555,0.5,0.022901911288499832,0.0
295,0.3099879026412964,10.999698624014854,0.1799878180027008,0.5,0.022866416722536087,0.0
296,0.3086201548576355,10.941148430109024,0.17959439754486084,0.5,0.022831395268440247,0.0
297,0.3090106248855591,10.970722243189812,0.17919233441352844,0.5,0.022795207798480988,0.0
298,0.3088212013244629,10.971676662564278,0.17877531051635742,0.5,0.022757630795240402,0.0
299,0.3089883029460907,10.989959329366684,0.17837822437286377,0.5,0.022720366716384888,0.0
300,0.3082177937030792,10.962008833885193,0.1779552400112152,0.5,0.022681040689349174,0.0
301,0.30887478590011597,11.00563083589077,0.1775243580341339,0.5,0.022640639916062355,0.0
302,0.30839285254478455,10.993155792355537,0.17705947160720825,0.5,0.022596877068281174,0.0
303,0.3081396222114563,10.991227835416794,0.1766301691532135,0.5,0.022555656731128693,0.0
304,0.30808761715888977,10.998716309666634,0.17622660100460052,0.5,0.02251644805073738,0.0
305,0.307412326335907,10.974595814943314,0.1758408099412918,0.5,0.02247823402285576,0.0
306,0.3068700432777405,10.956475839018822,0.17548103630542755,0.5,0.0224393829703331,0.0
307,0.307400643825531,10.991259157657623,0.17515093088150024,0.5,0.022402793169021606,0.0
308,0.3071095049381256,10.984387785196304,0.17484349012374878,0.5,0.02236883156001568,0.0
309,0.30730724334716797,11.001933500170708,0.17453712224960327,0.5,0.0223349928855896,0.0
310,0.30658361315727234,10.973741203546524,0.1742175817489624,0.5,0.02230146713554859,0.0
311,0.30629509687423706,10.967521995306015,0.17388932406902313,0.5,0.022267181426286697,0.0
312,0.3075225353240967,11.037290155887604,0.1735534965991974,0.5,0.022233005613088608,0.0
313,0.30785539746284485,11.061960607767105,0.17323237657546997,0.5,0.022198403254151344,0.0
314,0.30625852942466736,10.989476680755615,0.17293798923492432,0.5,0.022165680304169655,0.0
315,0.30657321214675903,11.011602193117142,0.17268231511116028,0.5,0.022134089842438698,0.0
316,0.3059026598930359,10.982865527272224,0.17249071598052979,0.5,0.022105976939201355,0.0
317,0.30613625049591064,10.99777638912201,0.17236143350601196,0.5,0.02208295464515686,0.0
318,0.3063804507255554,11.012530833482742,0.17225965857505798,0.5,0.02206217125058174,0.0
319,0.30643230676651,11.016693219542503,0.1721968650817871,0.5,0.02204454131424427,0.0
320,0.3061400055885315,11.003403320908546,0.1721438467502594,0.5,0.022028787061572075,0.0
321,0.30597665905952454,10.99704760313034,0.1720714420080185,0.5,0.02201254852116108,0.0
322,0.3056824207305908,10.984624683856964,0.1719798743724823,0.5,0.02199471741914749,0.0
323,0.30539608001708984,10.973278403282166,0.17186105251312256,0.5,0.0219751987606287,0.0
324,0.30574092268943787,10.994269892573357,0.1717110574245453,0.5,0.021954026073217392,0.0
325,0.3052891194820404,10.975927323102951,0.17154115438461304,0.5,0.02193201519548893,0.0
326,0.30612024664878845,11.021790355443954,0.17136886715888977,0.5,0.02191132865846157,0.0
327,0.3063773214817047,11.03811126947403,0.17123019695281982,0.5,0.02189340628683567,0.0
328,0.3052506744861603,10.983277842402458,0.17117023468017578,0.5,0.02188289910554886,0.0
329,0.30521994829177856,10.981794476509094,0.17116808891296387,0.5,0.021878821775317192,0.0
330,0.3055327534675598,10.994461089372635,0.17128702998161316,0.5,0.021884648129343987,0.0
331,0.3055810332298279,10.991767719388008,0.1714913249015808,0.5,0.02189721167087555,0.0
332,0.30547165870666504,10.980341881513596,0.1717296689748764,0.5,0.021914398297667503,0.0
333,0.3057936429977417,10.989991039037704,0.1719876527786255,0.5,0.02193383127450943,0.0
334,0.30645519495010376,11.016235202550888,0.17226094007492065,0.5,0.021955812349915504,0.0
335,0.30630171298980713,11.001515954732895,0.17254281044006348,0.5,0.021978825330734253,0.0
336,0.3074384331703186,11.049608275294304,0.17289254069328308,0.5,0.022007577121257782,0.0
337,0.30672794580459595,11.005437433719635,0.17323842644691467,0.5,0.022037304937839508,0.0
338,0.3073573708534241,11.028268575668335,0.1735840141773224,0.5,0.022068414837121964,0.0
339,0.30715206265449524,11.00998555123806,0.17390473186969757,0.5,0.02209981344640255,0.0
340,0.30783194303512573,11.036835685372353,0.1741904616355896,0.5,0.022130388766527176,0.0
341,0.3083041310310364,11.053757011890411,0.17445799708366394,0.5,0.02216128259897232,0.0
342,0.3070298731327057,10.983839318156242,0.17470617592334747,0.5,0.022192111238837242,0.0
343,0.30778032541275024,11.015327289700508,0.1749475598335266,0.5,0.022221343591809273,0.0
344,0.30727869272232056,10.985523223876953,0.1751364767551422,0.5,0.022246550768613815,0.0
345,0.30688580870628357,10.962396502494812,0.1752757430076599,0.5,0.022267337888479233,0.0
346,0.30733227729797363,10.982288092374802,0.17537304759025574,0.5,0.022283807396888733,0.0
347,0.3066859841346741,10.947400599718094,0.17547595500946045,0.5,0.022299276664853096,0.0
348,0.30822688341140747,11.022538259625435,0.17555224895477295,0.5,0.022312050685286522,0.0
349,0.30757027864456177,10.98826752603054,0.17560985684394836,0.5,0.022323105484247208,0.0
350,0.3086196184158325,11.040041774511337,0.17563754320144653,0.5,0.022330554202198982,0.0
351,0.3076583743095398,10.991990327835083,0.1756371259689331,0.5,0.022335223853588104,0.0
352,0.30751878023147583,10.986105665564537,0.1755933165550232,0.5,0.022337764501571655,0.0
353,0.30844080448150635,11.033316731452942,0.1755489706993103,0.5,0.02234051190316677,0.0
354,0.3073965907096863,10.98189926147461,0.17551720142364502,0.5,0.02234247699379921,0.0
355,0.30828386545181274,11.027451187372208,0.17546972632408142,0.5,0.022342324256896973,0.0
356,0.30723077058792114,10.976166382431984,0.17541487514972687,0.5,0.02234085462987423,0.0
357,0.3074394464492798,10.98852489888668,0.17533791065216064,0.5,0.022337598726153374,0.0
358,0.3071807622909546,10.978453874588013,0.17522341012954712,0.5,0.02233109064400196,0.0
359,0.3063225746154785,10.939128339290619,0.17508003115653992,0.5,0.02232290804386139,0.0
360,0.30638444423675537,10.946607515215874,0.17490458488464355,0.5,0.022312400862574577,0.0
361,0.3064866065979004,10.95662209391594,0.17470836639404297,0.5,0.02229907363653183,0.0
362,0.3072729706764221,11.001656889915466,0.174479678273201,0.5,0.022283758968114853,0.0
363,0.3057282567024231,10.931035161018372,0.17421512305736542,0.5,0.022264249622821808,0.0
364,0.30634695291519165,10.966856479644775,0.17401960492134094,0.5,0.022247755900025368,0.0
365,0.3069935441017151,11.003396481275558,0.17385119199752808,0.5,0.022233063355088234,0.0
366,0.30622029304504395,10.968821555376053,0.17368772625923157,0.5,0.022217266261577606,0.0
367,0.3054719567298889,10.935877650976181,0.17350879311561584,0.5,0.022200405597686768,0.0
368,0.3052823543548584,10.930972337722778,0.1733258217573166,0.5,0.022183692082762718,0.0
369,0.3058199882507324,10.962576732039452,0.17313691973686218,0.5,0.022165924310684204,0.0
370,0.30559492111206055,10.956213980913162,0.17294132709503174,0.5,0.02214742638170719,0.0
371,0.30503425002098083,10.932730585336685,0.1727592647075653,0.5,0.022129278630018234,0.0
372,0.30571693181991577,10.971456035971642,0.17257565259933472,0.5,0.02211044728755951,0.0
373,0.3038596212863922,10.88283459842205,0.17240586876869202,0.5,0.022092202678322792,0.0
374,0.30391600728034973,10.889828592538834,0.17223885655403137,0.5,0.02207331918179989,0.0
375,0.304716557264328,10.933494105935097,0.17209336161613464,0.5,0.022053945809602737,0.0
376,0.3047681450843811,10.939221531152725,0.17196740210056305,0.5,0.02203521877527237,0.0
377,0.30448850989341736,10.928742453455925,0.1718273162841797,0.5,0.022016514092683792,0.0
378,0.3035401403903961,10.884976476430893,0.1716812252998352,0.5,0.021997002884745598,0.0
379,0.3041183352470398,10.918013364076614,0.17151612043380737,0.5,0.021976539865136147,0.0
380,0.30337265133857727,10.884975150227547,0.17134632170200348,0.5,0.02195575460791588,0.0
381,0.304458349943161,10.943139180541039,0.17119114100933075,0.5,0.021936174482107162,0.0
382,0.3047519624233246,10.96176390349865,0.17103338241577148,0.5,0.02191573940217495,0.0
383,0.30386024713516235,10.921524107456207,0.17085953056812286,0.5,0.021893907338380814,0.0
384,0.30389249324798584,10.927638843655586,0.17067945003509521,0.5,0.021871834993362427,0.0
385,0.3037511110305786,10.925530314445496,0.17048101127147675,0.5,0.02184833399951458,0.0
386,0.3037656247615814,10.931455984711647,0.17027299106121063,0.5,0.0218243058770895,0.0
387,0.3035773038864136,10.927694872021675,0.1700468361377716,0.5,0.021799325942993164,0.0
388,0.3040832281112671,10.958545446395874,0.16982464492321014,0.5,0.021775279194116592,0.0
389,0.3035930395126343,10.939221620559692,0.1696172058582306,0.5,0.021752651780843735,0.0
390,0.3025829792022705,10.894143372774124,0.1694001853466034,0.5,0.02172936499118805,0.0
391,0.3036124110221863,10.950687676668167,0.16919729113578796,0.5,0.02170684188604355,0.0
392,0.3027718961238861,10.914463445544243,0.16896525025367737,0.5,0.021682696416974068,0.0
393,0.30218732357025146,10.891602918505669,0.16871052980422974,0.5,0.02165701612830162,0.0
394,0.3030503988265991,10.94120940566063,0.1684524416923523,0.5,0.02163199707865715,0.0
395,0.3025397062301636,10.922579661011696,0.16817620396614075,0.5,0.0216071680188179,0.0
396,0.30201128125190735,10.903540149331093,0.16788095235824585,0.5,0.021580364555120468,0.0
397,0.30229705572128296,10.924557149410248,0.16761180758476257,0.5,0.021554578095674515,0.0
398,0.3021679222583771,10.924356535077095,0.1673615723848343,0.5,0.02152892015874386,0.0
399,0.30156058073043823,10.899951875209808,0.16712304949760437,0.5,0.021504228934645653,0.0
400,0.30173546075820923,10.91441796720028,0.16689419746398926,0.5,0.021481497213244438,0.0
401,0.3009806275367737,10.882200255990028,0.16667324304580688,0.5,0.021459193900227547,0.0
402,0.30142533779144287,10.909919247031212,0.16645386815071106,0.5,0.021438082680106163,0.0
403,0.3014437258243561,10.916353687644005,0.16623328626155853,0.5,0.021418435499072075,0.0
404,0.30035144090652466,10.867218986153603,0.16601413488388062,0.5,0.02139992080628872,0.0
405,0.3012181222438812,10.915977910161018,0.16579711437225342,0.5,0.02138112671673298,0.0
406,0.3012922704219818,10.92541167140007,0.16556808352470398,0.5,0.0213614534586668,0.0
407,0.3008836507797241,10.910698369145393,0.1653394103050232,0.5,0.021341651678085327,0.0
408,0.2999504506587982,10.870288595557213,0.16508936882019043,0.5,0.021320199593901634,0.0
409,0.30039769411087036,10.898838922381401,0.16484180092811584,0.5,0.021298781037330627,0.0
410,0.2991497218608856,10.842906132340431,0.1645832061767578,0.5,0.021275820210576057,0.0
411,0.29886913299560547,10.835488215088844,0.16431871056556702,0.5,0.02125226892530918,0.0
412,0.29993897676467896,10.896367013454437,0.16402330994606018,0.5,0.02122642658650875,0.0
413,0.29879677295684814,10.84678429365158,0.1637221872806549,0.5,0.021199215203523636,0.0
414,0.29989856481552124,10.909921199083328,0.16340026259422302,0.5,0.021170491352677345,0.0
415,0.2990328073501587,10.874962076544762,0.16306710243225098,0.5,0.021142292767763138,0.0
416,0.2986505925655365,10.863535478711128,0.16275978088378906,0.5,0.02111547440290451,0.0
417,0.29843130707740784,10.859605088829994,0.16247843205928802,0.5,0.021088730543851852,0.0
418,0.29846078157424927,10.867895856499672,0.1622057557106018,0.5,0.02106207050383091,0.0
419,0.2987005114555359,10.885414898395538,0.1619844138622284,0.5,0.02103789895772934,0.0
420,0.2986249327659607,10.885929837822914,0.1618126630783081,0.5,0.021016454324126244,0.0
421,0.29925912618637085,10.920824706554413,0.1616852879524231,0.5,0.020996825769543648,0.0
422,0.29917627573013306,10.919111087918282,0.16158807277679443,0.5,0.02097867615520954,0.0
423,0.29838982224464417,10.882026493549347,0.16149857640266418,0.5,0.02096192166209221,0.0
424,0.29804569482803345,10.867835059762001,0.16137802600860596,0.5,0.02094363421201706,0.0
425,0.2978419065475464,10.860971823334694,0.16124489903450012,0.5,0.020925136283040047,0.0
426,0.29843342304229736,10.894011288881302,0.1611064076423645,0.5,0.02090676687657833,0.0
427,0.29818034172058105,10.884855508804321,0.1609664261341095,0.5,0.020888986065983772,0.0
428,0.29811519384384155,10.884749665856361,0.16084036231040955,0.5,0.020871790125966072,0.0
429,0.2982742488384247,10.894833132624626,0.16075515747070312,0.5,0.020856864750385284,0.0
430,0.2985817492008209,10.91113667190075,0.16071800887584686,0.5,0.020844634622335434,0.0
431,0.29747462272644043,10.855187565088272,0.16074174642562866,0.5,0.02083595097064972,0.0
432,0.2976357340812683,10.860929623246193,0.16083428263664246,0.5,0.020833037793636322,0.0
433,0.2982945740222931,10.890751793980598,0.16095906496047974,0.5,0.020834418013691902,0.0
434,0.2984201908111572,10.893697142601013,0.16109246015548706,0.5,0.02083680033683777,0.0
435,0.29903995990753174,10.921932578086853,0.1612025797367096,0.5,0.020838355645537376,0.0
436,0.2974091172218323,10.837879732251167,0.16130304336547852,0.5,0.020841587334871292,0.0
437,0.2988317012786865,10.906293779611588,0.16141164302825928,0.5,0.020850002765655518,0.0
438,0.2976732552051544,10.84518951177597,0.16153892874717712,0.5,0.020861433818936348,0.0
439,0.29982990026474,10.949557796120644,0.16167747974395752,0.5,0.0208745077252388,0.0
440,0.29872310161590576,10.89074094593525,0.1618165671825409,0.5,0.020887073129415512,0.0
441,0.2987927794456482,10.891729682683945,0.16191640496253967,0.5,0.020898018032312393,0.0
442,0.2993992865085602,10.920846924185753,0.16196468472480774,0.5,0.02090592496097088,0.0
443,0.2980435788631439,10.85290701687336,0.16197089850902557,0.5,0.020911186933517456,0.0
444,0.2992216944694519,10.912464618682861,0.16194477677345276,0.5,0.02091340348124504,0.0
445,0.29803529381752014,10.854930430650711,0.16187337040901184,0.5,0.020911691710352898,0.0
446,0.29868197441101074,10.89012810587883,0.16175884008407593,0.5,0.02090637944638729,0.0
447,0.2983604073524475,10.878262519836426,0.16159027814865112,0.5,0.020898085087537766,0.0
448,0.2979491949081421,10.862568497657776,0.1613956093788147,0.5,0.020885905250906944,0.0
449,0.2992388904094696,10.932127222418785,0.16119268536567688,0.5,0.020871438086032867,0.0
450,0.2989642918109894,10.923247531056404,0.16099867224693298,0.5,0.020855925977230072,0.0
451,0.2980306148529053,10.881312862038612,0.160808727145195,0.5,0.020841019228100777,0.0
452,0.2982478141784668,10.896755114197731,0.1606254279613495,0.5,0.020826078951358795,0.0
453,0.29815298318862915,10.89680315554142,0.160433828830719,0.5,0.020808978006243706,0.0
454,0.29761195182800293,10.874238818883896,0.1602543592453003,0.5,0.02079230546951294,0.0
455,0.2964414358139038,10.820068061351776,0.16008011996746063,0.5,0.020775308832526207,0.0
456,0.2974080443382263,10.872464150190353,0.15991753339767456,0.5,0.020758794620633125,0.0
457,0.29707732796669006,10.860347971320152,0.15974074602127075,0.5,0.020741581916809082,0.0
458,0.29703012108802795,10.86259239912033,0.1595565527677536,0.5,0.020723693072795868,0.0
459,0.2965044677257538,10.84107294678688,0.15936602652072906,0.5,0.020704107359051704,0.0
460,0.29680749773979187,10.861176073551178,0.15916794538497925,0.5,0.02068301849067211,0.0
461,0.2971862256526947,10.885502472519875,0.15895235538482666,0.5,0.020660828799009323,0.0
462,0.2967231869697571,10.867893382906914,0.158730611205101,0.5,0.020639030262827873,0.0
463,0.29626768827438354,10.850480183959007,0.15851618349552155,0.5,0.02061724290251732,0.0
464,0.2968983054161072,10.88763415813446,0.15829125046730042,0.5,0.02059546299278736,0.0
465,0.29728609323501587,10.912549033761024,0.15807023644447327,0.5,0.020572423934936523,0.0
466,0.29674145579338074,10.891140207648277,0.15783730149269104,0.5,0.020547932013869286,0.0
467,0.29541099071502686,10.8304523229599,0.157603919506073,0.5,0.020522959530353546,0.0
468,0.29509228467941284,10.820524021983147,0.15736356377601624,0.5,0.020497899502515793,0.0
469,0.29621434211730957,10.882812470197678,0.1571161448955536,0.5,0.020472265779972076,0.0
470,0.29523542523384094,10.8406201004982,0.1568460613489151,0.5,0.020446011796593666,0.0
471,0.29568177461624146,10.87000124156475,0.15656350553035736,0.5,0.020419524982571602,0.0
472,0.2945149540901184,10.81847234070301,0.15629097819328308,0.5,0.02039402537047863,0.0
473,0.2953644394874573,10.866939812898636,0.15605127811431885,0.5,0.020371152088046074,0.0
474,0.2943028211593628,10.819342598319054,0.1558319479227066,0.5,0.020348966121673584,0.0
475,0.29627853631973267,10.923645675182343,0.15561121702194214,0.5,0.020326990634202957,0.0
476,0.2945679724216461,10.840997740626335,0.1554960161447525,0.5,0.020309899002313614,0.0
477,0.2952953279018402,10.877847790718079,0.15547673404216766,0.5,0.020299652591347694,0.0
478,0.2943688929080963,10.830890119075775,0.15550217032432556,0.5,0.020293401554226875,0.0
479,0.29523593187332153,10.873577237129211,0.15552878379821777,0.5,0.020289462059736252,0.0
480,0.2948670983314514,10.854678899049759,0.15554703772068024,0.5,0.02028680220246315,0.0
481,0.2952955961227417,10.875926837325096,0.15555408596992493,0.5,0.020285027101635933,0.0
482,0.2961745262145996,10.919699162244797,0.15556107461452484,0.5,0.020283985882997513,0.0
483,0.2960081994533539,10.911530330777168,0.15555518865585327,0.5,0.020282840356230736,0.0
484,0.2943199872970581,10.827766329050064,0.15552930533885956,0.5,0.02028031460940838,0.0
485,0.2952030897140503,10.873522311449051,0.1554652452468872,0.5,0.020276185125112534,0.0
486,0.2949999272823334,10.864977359771729,0.15540075302124023,0.5,0.020270654931664467,0.0
487,0.29438042640686035,10.835607826709747,0.15533652901649475,0.5,0.02026365138590336,0.0
488,0.2957438826560974,10.905771106481552,0.1552569568157196,0.5,0.020255183801054955,0.0
489,0.2943097949028015,10.836350575089455,0.15516553819179535,0.5,0.020245449617505074,0.0
490,0.29543745517730713,10.894665256142616,0.15508833527565002,0.5,0.020236052572727203,0.0
491,0.2941707670688629,10.832777544856071,0.15503044426441193,0.5,0.020228752866387367,0.0
492,0.294816255569458,10.865817114710808,0.15499982237815857,0.5,0.020223038271069527,0.0
493,0.29480648040771484,10.865997657179832,0.1549730896949768,0.5,0.020217981189489365,0.0
494,0.2943497598171234,10.843741416931152,0.15494988858699799,0.5,0.020213352516293526,0.0
495,0.29464203119277954,10.859548285603523,0.15490210056304932,0.5,0.020208317786455154,0.0
496,0.29427585005760193,10.8421560972929,0.15486545860767365,0.5,0.02020355686545372,0.0
497,0.2945905327796936,10.858817636966705,0.15482839941978455,0.5,0.02019837126135826,0.0
498,0.293992817401886,10.830190524458885,0.15477797389030457,0.5,0.020192621275782585,0.0
499,0.29492470622062683,10.878726735711098,0.15470032393932343,0.5,0.020185379311442375,0.0
500,0.2947860360145569,10.87357947230339,0.1546289324760437,0.5,0.0201775673776865,0.0
501,0.29586032032966614,10.929549515247345,0.15453867614269257,0.5,0.020169097930192947,0.0
502,0.2951020300388336,10.894424319267273,0.15442708134651184,0.5,0.020159386098384857,0.0
503,0.29462602734565735,10.87268228828907,0.15434478223323822,0.5,0.020150717347860336,0.0
504,0.2950291633605957,10.894449234008789,0.15428033471107483,0.5,0.020144682377576828,0.0
505,0.2960004210472107,10.94349667429924,0.15426099300384521,0.5,0.020140711218118668,0.0
506,0.2949818968772888,10.89297267794609,0.15424488484859467,0.5,0.02013869397342205,0.0
507,0.29462549090385437,10.87535771727562,0.15423667430877686,0.5,0.020136728882789612,0.0
508,0.2944497764110565,10.86731481552124,0.15420696139335632,0.5,0.02013336680829525,0.0
509,0.29442501068115234,10.867096275091171,0.15416616201400757,0.5,0.020130068063735962,0.0
510,0.29448363184928894,10.870978072285652,0.15412814915180206,0.5,0.020125869661569595,0.0
511,0.2940344214439392,10.850004225969315,0.15406867861747742,0.5,0.020120276138186455,0.0
512,0.2945646047592163,10.878304183483124,0.153997004032135,0.5,0.020112888887524605,0.0
513,0.2937853932380676,10.840947061777115,0.15393292903900146,0.5,0.020105376839637756,0.0
514,0.29402387142181396,10.85372570157051,0.15389874577522278,0.5,0.02009880356490612,0.0
515,0.29440921545028687,10.874158203601837,0.15385210514068604,0.5,0.020091885700821877,0.0
516,0.29491472244262695,10.90091286599636,0.15379290282726288,0.5,0.020084066316485405,0.0
517,0.2935234308242798,10.833519414067268,0.15370607376098633,0.5,0.020075136795639992,0.0
518,0.2939247190952301,10.856865972280502,0.15357480943202972,0.5,0.020063461735844612,0.0
519,0.2937910258769989,10.854060038924217,0.1534196436405182,0.5,0.02005048282444477,0.0
520,0.2946082651615143,10.899259850382805,0.15324613451957703,0.5,0.02003568969666958,0.0
521,0.2939211428165436,10.869841158390045,0.15304863452911377,0.5,0.020018527284264565,0.0
522,0.2933155596256256,10.844826892018318,0.15283805131912231,0.5,0.020000342279672623,0.0
523,0.29260772466659546,10.813395112752914,0.1526796519756317,0.5,0.01998366415500641,0.0
524,0.29349809885025024,10.859940141439438,0.152598574757576,0.5,0.01997212879359722,0.0
525,0.29267022013664246,10.818356394767761,0.15260618925094604,0.5,0.019967008382081985,0.0
526,0.29394543170928955,10.880764842033386,0.1526603102684021,0.5,0.01996619440615177,0.0
527,0.29410120844841003,10.886785387992859,0.1527310013771057,0.5,0.019967835396528244,0.0
528,0.29478442668914795,10.918863460421562,0.1528143286705017,0.5,0.019970804452896118,0.0
529,0.2936018109321594,10.85733762383461,0.15291009843349457,0.5,0.019974935799837112,0.0
530,0.29296767711639404,10.823685809969902,0.15298791229724884,0.5,0.01997818797826767,0.0
531,0.29308226704597473,10.828295573592186,0.15303272008895874,0.5,0.01997966319322586,0.0
532,0.29389989376068115,10.869188666343689,0.15303227305412292,0.5,0.019978564232587814,0.0
533,0.29375067353248596,10.862887308001518,0.1529858410358429,0.5,0.01997482404112816,0.0
534,0.2933620810508728,10.845671951770782,0.15289728343486786,0.5,0.019969074055552483,0.0
535,0.293628454208374,10.861918404698372,0.15278014540672302,0.5,0.019961385056376457,0.0
536,0.29360347986221313,10.864329636096954,0.15263380110263824,0.5,0.019952459260821342,0.0
537,0.2935926914215088,10.867812111973763,0.15247288346290588,0.5,0.019941143691539764,0.0
538,0.2941676378250122,10.900418534874916,0.15231853723526,0.5,0.019928421825170517,0.0
539,0.29281777143478394,10.837014570832253,0.15215495228767395,0.5,0.019914718344807625,0.0
540,0.2930818200111389,10.854913517832756,0.1519671380519867,0.5,0.019898854196071625,0.0
541,0.2921011447906494,10.810705184936523,0.1517741084098816,0.5,0.019883181899785995,0.0
542,0.2926742136478424,10.84279814362526,0.1516365110874176,0.5,0.019870998337864876,0.0
543,0.2933006286621094,10.877072870731354,0.151518315076828,0.5,0.019860446453094482,0.0
544,0.29406967759132385,10.918045923113823,0.15141750872135162,0.5,0.019851548597216606,0.0
545,0.2938006520271301,10.907231748104095,0.15131203830242157,0.5,0.01984332874417305,0.0
546,0.29183265566825867,10.811296299099922,0.15121346712112427,0.5,0.019835295155644417,0.0
547,0.292431116104126,10.84353606402874,0.15112078189849854,0.5,0.019827954471111298,0.0
548,0.2931636869907379,10.882003456354141,0.1510472148656845,0.5,0.019821252673864365,0.0
549,0.2934357821941376,10.89774888753891,0.15096160769462585,0.5,0.01981413923203945,0.0
550,0.2922433614730835,10.838673323392868,0.15093979239463806,0.5,0.019807938486337662,0.0
551,0.2924172580242157,10.846757888793945,0.15096421539783478,0.5,0.01980484649538994,0.0
552,0.2918609380722046,10.818625196814537,0.15097689628601074,0.5,0.019802432507276535,0.0
553,0.29204487800598145,10.827945828437805,0.1509719341993332,0.5,0.019799645990133286,0.0
554,0.2929372489452362,10.872964456677437,0.150955930352211,0.5,0.01979578472673893,0.0
555,0.2913760542869568,10.795885145664215,0.1509166657924652,0.5,0.01979024149477482,0.0
556,0.2918284237384796,10.819220185279846,0.15088804066181183,0.5,0.019784893840551376,0.0
557,0.2921396791934967,10.835558414459229,0.15085703134536743,0.5,0.019780606031417847,0.0
558,0.29183581471443176,10.821353435516357,0.15081746876239777,0.5,0.01977585069835186,0.0
559,0.2923281192779541,10.84745454788208,0.1507580578327179,0.5,0.019770726561546326,0.0
560,0.29184162616729736,10.824478521943092,0.15070408582687378,0.5,0.019764188677072525,0.0
561,0.29168105125427246,10.817292541265488,0.15067042410373688,0.5,0.0197588000446558,0.0
562,0.292072594165802,10.837786883115768,0.15063372254371643,0.5,0.01975391060113907,0.0
563,0.29257911443710327,10.864332765340805,0.15058490633964539,0.5,0.019748609513044357,0.0
564,0.29276013374328613,10.87468472123146,0.15053288638591766,0.5,0.019742324948310852,0.0
565,0.29253876209259033,10.864660575985909,0.15049108862876892,0.5,0.019736800342798233,0.0
566,0.2923969626426697,10.858912214636803,0.15043745934963226,0.5,0.01973067782819271,0.0
567,0.29182693362236023,10.831738218665123,0.150384321808815,0.5,0.01972443424165249,0.0
568,0.29263758659362793,10.873660817742348,0.15032872557640076,0.5,0.019717156887054443,0.0
569,0.2926882207393646,10.877679020166397,0.1502692699432373,0.5,0.019710063934326172,0.0
570,0.2912100553512573,10.805748462677002,0.15019014477729797,0.5,0.019701702520251274,0.0
571,0.29245564341545105,10.870508268475533,0.15009097754955292,0.5,0.019691769033670425,0.0
572,0.2917933464050293,10.839969843626022,0.14998787641525269,0.5,0.019681571051478386,0.0
573,0.29174432158470154,10.839723572134972,0.1498996913433075,0.5,0.019670436158776283,0.0
574,0.29055365920066833,10.782683089375496,0.14980001747608185,0.5,0.019658785313367844,0.0
575,0.2903101444244385,10.77332989871502,0.14968711137771606,0.5,0.01964583247900009,0.0
576,0.2910887598991394,10.814826622605324,0.14958444237709045,0.5,0.019631244242191315,0.0
577,0.29231876134872437,10.879032835364342,0.14947620034217834,0.5,0.019617008045315742,0.0
578,0.29096779227256775,10.814558446407318,0.14935322105884552,0.5,0.019601944833993912,0.0
579,0.29227954149246216,10.883877322077751,0.14920398592948914,0.5,0.01958615332841873,0.0
580,0.2907295823097229,10.810150057077408,0.1490531861782074,0.5,0.019571278244256973,0.0
581,0.29114818572998047,10.834914654493332,0.14889979362487793,0.5,0.019556479528546333,0.0
582,0.2903820872306824,10.800308272242546,0.1487518548965454,0.5,0.019541781395673752,0.0
583,0.29122084379196167,10.845851987600327,0.14860764145851135,0.5,0.01952660270035267,0.0
584,0.2901337742805481,10.79520957171917,0.14845913648605347,0.5,0.019511226564645767,0.0
585,0.2905946373939514,10.822432458400726,0.14829197525978088,0.5,0.01949538104236126,0.0
586,0.2911809980869293,10.856203809380531,0.14811384677886963,0.5,0.019478444010019302,0.0
587,0.2903773784637451,10.8200014680624,0.14795473217964172,0.5,0.01946233958005905,0.0
588,0.29031920433044434,10.820818066596985,0.14780572056770325,0.5,0.019446399062871933,0.0
589,0.29049140214920044,10.832806304097176,0.14767058193683624,0.5,0.01943187601864338,0.0
590,0.2904062867164612,10.831409499049187,0.14755617082118988,0.5,0.01941804215312004,0.0
591,0.2904348373413086,10.83567826449871,0.14744257926940918,0.5,0.019404426217079163,0.0
592,0.29027432203292847,10.830249518156052,0.1473386436700821,0.5,0.019391007721424103,0.0
593,0.2898250222206116,10.809984356164932,0.1472507119178772,0.5,0.019378848373889923,0.0
594,0.29029107093811035,10.835164576768875,0.14717556536197662,0.5,0.019367635250091553,0.0
595,0.2902771234512329,10.836124524474144,0.1471092402935028,0.5,0.019359875470399857,0.0
596,0.2898995280265808,10.817728728055954,0.14708992838859558,0.5,0.01935509219765663,0.0
597,0.28972747921943665,10.808030128479004,0.1471337527036667,0.5,0.019353104755282402,0.0
598,0.29109424352645874,10.874703794717789,0.1472003161907196,0.5,0.01935291662812233,0.0
599,0.2894492745399475,10.788819819688797,0.14734578132629395,0.5,0.019360657781362534,0.0
600,0.29018664360046387,10.820891484618187,0.14753758907318115,0.5,0.01937258429825306,0.0
601,0.29035091400146484,10.824161604046822,0.1477353572845459,0.5,0.01938699744641781,0.0
602,0.29257938265800476,10.93076066672802,0.14792834222316742,0.5,0.01940155401825905,0.0
603,0.289239764213562,10.759243905544281,0.1481097936630249,0.5,0.019415732473134995,0.0
604,0.2903997600078583,10.813638761639595,0.14825399219989777,0.5,0.019428523257374763,0.0
605,0.2908456325531006,10.832674458622932,0.1483842432498932,0.5,0.019440939649939537,0.0
606,0.2902946472167969,10.802340686321259,0.14849567413330078,0.5,0.019451452419161797,0.0
607,0.29005274176597595,10.788133516907692,0.1485801339149475,0.5,0.01946057751774788,0.0
608,0.29087305068969727,10.828057244420052,0.14862383902072906,0.5,0.019466590136289597,0.0
609,0.2892061769962311,10.74432210624218,0.1486394703388214,0.5,0.019469598308205605,0.0
610,0.29032713174819946,10.800279811024666,0.14864307641983032,0.5,0.01947021484375,0.0
611,0.2910587787628174,10.836940631270409,0.14863990247249603,0.5,0.01946939155459404,0.0
612,0.2906148135662079,10.814950659871101,0.14863160252571106,0.5,0.019467901438474655,0.0
613,0.2900959849357605,10.789373442530632,0.1486169993877411,0.5,0.019466295838356018,0.0
614,0.2905157804489136,10.811207816004753,0.14858323335647583,0.5,0.01946561224758625,0.0
615,0.2904655933380127,10.809174254536629,0.1485641896724701,0.5,0.01946481131017208,0.0
616,0.29067516326904297,10.820330619812012,0.1485370695590973,0.5,0.019463583827018738,0.0
617,0.2892116904258728,10.746902137994766,0.14854726195335388,0.5,0.01946386694908142,0.0
618,0.2908865809440613,10.83010695874691,0.14856889843940735,0.5,0.01946508325636387,0.0
619,0.29073262214660645,10.821990624070168,0.14858564734458923,0.5,0.019466085359454155,0.0
620,0.29078614711761475,10.824492067098618,0.14859265089035034,0.5,0.019465923309326172,0.0
621,0.29005104303359985,10.786798968911171,0.14863014221191406,0.5,0.019465619698166847,0.0
622,0.2900170087814331,10.78397910296917,0.148674875497818,0.5,0.019466165453195572,0.0
623,0.28953737020492554,10.75744403898716,0.14877697825431824,0.5,0.01947002299129963,0.0
624,0.29121124744415283,10.83767956495285,0.14891530573368073,0.5,0.019474929198622704,0.0
625,0.2915935218334198,10.85298278927803,0.1490677297115326,0.5,0.019481727853417397,0.0
626,0.291830450296402,10.860736146569252,0.1492314636707306,0.5,0.019488219171762466,0.0
627,0.29038333892822266,10.783808693289757,0.14941436052322388,0.5,0.019497225061058998,0.0
628,0.29128411412239075,10.824342027306557,0.14959454536437988,0.5,0.019505871459841728,0.0
629,0.291456401348114,10.828839138150215,0.14975926280021667,0.5,0.01951594650745392,0.0
630,0.2908795475959778,10.79632157087326,0.1499062180519104,0.5,0.019525978714227676,0.0
631,0.2912003695964813,10.809182807803154,0.1500333994626999,0.5,0.01953505538403988,0.0
632,0.29080450534820557,10.787158086895943,0.150122731924057,0.5,0.019542427733540535,0.0
633,0.2917604446411133,10.832646757364273,0.1502150595188141,0.5,0.01955026388168335,0.0
634,0.2918139100074768,10.832290142774582,0.15033620595932007,0.5,0.019561519846320152,0.0
635,0.29085394740104675,10.781209215521812,0.15045954287052155,0.5,0.01957322470843792,0.0
636,0.29181212186813354,10.826314061880112,0.15057167410850525,0.5,0.019584164023399353,0.0
637,0.2912757098674774,10.797400787472725,0.15065538883209229,0.5,0.01959402859210968,0.0
638,0.2921048402786255,10.837063327431679,0.15072715282440186,0.5,0.019602453336119652,0.0
639,0.29165685176849365,10.81323166191578,0.1507844626903534,0.5,0.019609974697232246,0.0
640,0.2918722331523895,10.822544798254967,0.15084268152713776,0.5,0.019616929814219475,0.0
641,0.29185718297958374,10.82032099366188,0.15090152621269226,0.5,0.019623922184109688,0.0
642,0.29265278577804565,10.858765497803688,0.1509549617767334,0.5,0.019630886614322662,0.0
643,0.29142439365386963,10.796466067433357,0.15099012851715088,0.5,0.0196366086602211,0.0
644,0.2919042110443115,10.81994953751564,0.1510104238986969,0.5,0.019640838727355003,0.0
645,0.292560875415802,10.853021547198296,0.15100090205669403,0.5,0.019642841070890427,0.0
646,0.29253363609313965,10.851795390248299,0.1509954333305359,0.5,0.019643433392047882,0.0
647,0.2937222719192505,10.912376835942268,0.15094944834709167,0.5,0.019641853868961334,0.0
648,0.2921507954597473,10.835487708449364,0.15088210999965668,0.5,0.019639695063233376,0.0
649,0.2910377085208893,10.78236672282219,0.15078075230121613,0.5,0.019635627046227455,0.0
650,0.2924642860889435,10.856924176216125,0.15065160393714905,0.5,0.019630206748843193,0.0
651,0.29189687967300415,10.832508072257042,0.15049347281455994,0.5,0.01962338015437126,0.0
652,0.2925337553024292,10.867221593856812,0.15037861466407776,0.5,0.019620275124907494,0.0
653,0.2925703227519989,10.869802862405777,0.15034854412078857,0.5,0.01962030678987503,0.0
654,0.29172518849372864,10.827133238315582,0.15036503970623016,0.5,0.01962330751121044,0.0
655,0.2915002703666687,10.814595475792885,0.15041673183441162,0.5,0.0196284931153059,0.0
656,0.29170385003089905,10.823391705751419,0.15047204494476318,0.5,0.01963399164378643,0.0
657,0.2914756238460541,10.807507172226906,0.1506509631872177,0.5,0.01964668370783329,0.0
658,0.29126352071762085,10.788893908262253,0.15097132325172424,0.5,0.019671453163027763,0.0
659,0.293110728263855,10.871216848492622,0.15137282013893127,0.5,0.019703596830368042,0.0
660,0.2925925850868225,10.834361225366592,0.15181073546409607,0.5,0.01974002830684185,0.0
661,0.29315826296806335,10.850997909903526,0.15227660536766052,0.5,0.01977989636361599,0.0
662,0.2941853404045105,10.890709355473518,0.15274229645729065,0.5,0.019821451976895332,0.0
663,0.29408693313598633,10.874926581978798,0.15317678451538086,0.5,0.019861584529280663,0.0
664,0.29191145300865173,10.756297618150711,0.1535710096359253,0.5,0.019900964573025703,0.0
665,0.29362231492996216,10.83335231244564,0.1539105474948883,0.5,0.01993764191865921,0.0
666,0.2947627305984497,10.883215114474297,0.1541968584060669,0.5,0.019970426335930824,0.0
667,0.2952883541584015,10.904304161667824,0.15440455079078674,0.5,0.019999254494905472,0.0
668,0.29382044076919556,10.827148824930191,0.15455496311187744,0.5,0.020024046301841736,0.0
669,0.29354509711265564,10.810969337821007,0.1546514332294464,0.5,0.020044583827257156,0.0
670,0.29408571124076843,10.836814999580383,0.15469881892204285,0.5,0.020061209797859192,0.0
671,0.29468977451324463,10.866159856319427,0.15473315119743347,0.5,0.02007640153169632,0.0
672,0.29503434896469116,10.883491948246956,0.15472902357578278,0.5,0.020088564604520798,0.0
673,0.2943471074104309,10.849831253290176,0.15470096468925476,0.5,0.020097333937883377,0.0
674,0.29436689615249634,10.85241873562336,0.15463706851005554,0.5,0.020104268565773964,0.0
675,0.29486188292503357,10.879990488290787,0.15452416241168976,0.5,0.02010788954794407,0.0
676,0.2929460406303406,10.788064613938332,0.15436947345733643,0.5,0.020107969641685486,0.0
677,0.2937364876270294,10.831049084663391,0.1542310267686844,0.5,0.020107662305235863,0.0
678,0.2951180338859558,10.904407754540443,0.1540597379207611,0.5,0.020104439929127693,0.0
679,0.29401007294654846,10.853717625141144,0.15387143194675446,0.5,0.020098650828003883,0.0
680,0.29240888357162476,10.778750091791153,0.15366777777671814,0.5,0.02008979767560959,0.0
681,0.29355233907699585,10.84192530810833,0.15342767536640167,0.5,0.02007881924510002,0.0
682,0.29309600591659546,10.825908720493317,0.15315565466880798,0.5,0.02006649039685726,0.0
683,0.29369810223579407,10.86245296895504,0.15289805829524994,0.5,0.020054256543517113,0.0
684,0.292911559343338,10.829603850841522,0.1526389718055725,0.5,0.02004132978618145,0.0
685,0.29313740134239197,10.847311362624168,0.15238234400749207,0.5,0.020027685910463333,0.0
686,0.2929283380508423,10.843330636620522,0.15212345123291016,0.5,0.02001352421939373,0.0
687,0.2918795645236969,10.79772974550724,0.1518499255180359,0.5,0.019997436553239822,0.0
688,0.2923271358013153,10.827577322721481,0.15155118703842163,0.5,0.019980821758508682,0.0
689,0.2918155789375305,10.809435844421387,0.15125375986099243,0.5,0.01996324025094509,0.0
690,0.291593074798584,10.806025192141533,0.15094514191150665,0.5,0.019944684579968452,0.0
691,0.2920830249786377,10.838666662573814,0.15061941742897034,0.5,0.019924437627196312,0.0
692,0.2924818992614746,10.867087319493294,0.15028026700019836,0.5,0.019901834428310394,0.0
693,0.2919175922870636,10.847647190093994,0.14992928504943848,0.5,0.019877087324857712,0.0
694,0.29075169563293457,10.79812540113926,0.14957833290100098,0.5,0.019851813092827797,0.0
695,0.2910643219947815,10.822604462504387,0.14922447502613068,0.5,0.01982554793357849,0.0
696,0.2911835014820099,10.83726480603218,0.1488763988018036,0.5,0.019798848778009415,0.0
697,0.2908816933631897,10.830396100878716,0.14854755997657776,0.5,0.019773179665207863,0.0
698,0.2913512885570526,10.860679730772972,0.14827537536621094,0.5,0.019749848172068596,0.0
699,0.2903798818588257,10.814933970570564,0.14816240966320038,0.5,0.019734427332878113,0.0
700,0.29033535718917847,10.81271405518055,0.14816215634346008,0.5,0.01972571574151516,0.0
701,0.2901532053947449,10.802721694111824,0.14819756150245667,0.5,0.019720198586583138,0.0
702,0.29004478454589844,10.796218499541283,0.1482408493757248,0.5,0.019716540351510048,0.0
703,0.29011794924736023,10.79899388551712,0.1482761651277542,0.5,0.019714105874300003,0.0
704,0.2909271717071533,10.838796973228455,0.14830246567726135,0.5,0.019711662083864212,0.0
705,0.2901139259338379,10.797924503684044,0.14831089973449707,0.5,0.019709421321749687,0.0
706,0.2908998727798462,10.8361476957798,0.14835381507873535,0.5,0.019709529355168343,0.0
707,0.29070067405700684,10.823572143912315,0.14845848083496094,0.5,0.019712939858436584,0.0
708,0.2911496162414551,10.841839730739594,0.14862564206123352,0.5,0.019720401614904404,0.0
709,0.2908877730369568,10.824135959148407,0.14881013333797455,0.5,0.019729571416974068,0.0
710,0.2909289002418518,10.822167411446571,0.14897111058235168,0.5,0.01973922923207283,0.0
711,0.291597843170166,10.851746797561646,0.14912578463554382,0.5,0.019748810678720474,0.0
712,0.2911835312843323,10.82786937057972,0.1492522954940796,0.5,0.019757363945245743,0.0
713,0.2914232015609741,10.83548055589199,0.1494271457195282,0.5,0.019768457859754562,0.0
714,0.2921241521835327,10.86618010699749,0.1496010720729828,0.5,0.019780460745096207,0.0
715,0.2921575903892517,10.86349070072174,0.14977554976940155,0.5,0.019793348386883736,0.0
716,0.29236799478530884,10.870101526379585,0.1499319225549698,0.5,0.019806772470474243,0.0
717,0.2928256392478943,10.88891951739788,0.15009450912475586,0.5,0.01982095092535019,0.0
718,0.2916850745677948,10.827880635857582,0.15025494992733002,0.5,0.019835136830806732,0.0
719,0.2935929298400879,10.919812753796577,0.15039335191249847,0.5,0.019848056137561798,0.0
720,0.2927479147911072,10.874790638685226,0.1505041867494583,0.5,0.01986004412174225,0.0
721,0.29437726736068726,10.954378888010979,0.15057939291000366,0.5,0.019870281219482422,0.0
722,0.2933853268623352,10.903463914990425,0.1506321132183075,0.5,0.01987924426794052,0.0
723,0.29266470670700073,10.866833537817001,0.1506561040878296,0.5,0.019886232912540436,0.0
724,0.29207324981689453,10.837717220187187,0.15063783526420593,0.5,0.01989086903631687,0.0
725,0.2927626371383667,10.873625352978706,0.1505802571773529,0.5,0.019893499091267586,0.0
726,0.2915770709514618,10.816498816013336,0.15049418807029724,0.5,0.019893234595656395,0.0
727,0.29278120398521423,10.879512920975685,0.1503819078207016,0.5,0.01988867297768593,0.0
728,0.2928977310657501,10.887930005788803,0.1502782702445984,0.5,0.019882937893271446,0.0
729,0.29244035482406616,10.86790281534195,0.15016458928585052,0.5,0.01987627148628235,0.0
730,0.29244160652160645,10.87085023522377,0.15004920959472656,0.5,0.01986951380968094,0.0
731,0.29137465357780457,10.819868236780167,0.14995458722114563,0.5,0.019863516092300415,0.0
732,0.29240936040878296,10.87417857348919,0.14985162019729614,0.5,0.019855741411447525,0.0
733,0.29149287939071655,10.83121046423912,0.14973732829093933,0.5,0.019847752526402473,0.0
734,0.2917782664299011,10.847539365291595,0.14965496957302094,0.5,0.01983967237174511,0.0
735,0.2917560935020447,10.84836995601654,0.14957734942436218,0.5,0.019832201302051544,0.0
736,0.2923569083213806,10.880408301949501,0.14949747920036316,0.5,0.01982473023235798,0.0
737,0.2912669777870178,10.826911896467209,0.14945746958255768,0.5,0.019818998873233795,0.0
738,0.2909126877784729,10.80993239581585,0.14942803978919983,0.5,0.01981387287378311,0.0
739,0.2912856340408325,10.828540563583374,0.14942963421344757,0.5,0.019811145961284637,0.0
740,0.29149356484413147,10.83800882101059,0.14946678280830383,0.5,0.019810788333415985,0.0
741,0.2922033667564392,10.872822389006615,0.14949384331703186,0.5,0.019810503348708153,0.0
742,0.2908778786659241,10.805816322565079,0.14952310919761658,0.5,0.019811084493994713,0.0
743,0.2912888526916504,10.826336234807968,0.1495242565870285,0.5,0.01981016993522644,0.0
744,0.2916158437728882,10.843773201107979,0.14948076009750366,0.5,0.0198067519813776,0.0
745,0.2915372848510742,10.841963723301888,0.14939603209495544,0.5,0.019799914211034775,0.0
746,0.2917863130569458,10.856652915477753,0.14930647611618042,0.5,0.01979263313114643,0.0
747,0.2914292812347412,10.841329082846642,0.14920538663864136,0.5,0.0197855606675148,0.0
748,0.291817843914032,10.862915873527527,0.1491190493106842,0.5,0.01977935992181301,0.0
749,0.2905985116958618,10.804361745715141,0.14902251958847046,0.5,0.0197723638266325,0.0
750,0.2905043959617615,10.802736520767212,0.14889934659004211,0.5,0.019764384254813194,0.0
751,0.2907657027244568,10.819816172122955,0.14873875677585602,0.5,0.019753094762563705,0.0
752,0.2907414436340332,10.822966411709785,0.1485641896724701,0.5,0.019740257412195206,0.0
753,0.2908783555030823,10.83384357392788,0.14840295910835266,0.5,0.01972876861691475,0.0
754,0.2902105450630188,10.804643169045448,0.14823538064956665,0.5,0.01971711777150631,0.0
755,0.2917112708091736,10.883708029985428,0.14807423949241638,0.5,0.019705411046743393,0.0
756,0.2899099290370941,10.79773961007595,0.14791026711463928,0.5,0.019693754613399506,0.0
757,0.2911659777164459,10.864390388131142,0.14775633811950684,0.5,0.019683541730046272,0.0
758,0.2913876175880432,10.871529221534729,0.14791402220726013,0.5,0.01968982256948948,0.0
759,0.2899426817893982,10.78928293287754,0.14831405878067017,0.5,0.01971074566245079,0.0
760,0.2910414934158325,10.831755265593529,0.14881277084350586,0.5,0.019742239266633987,0.0
761,0.29146915674209595,10.840317755937576,0.14932557940483093,0.5,0.019779521971940994,0.0
762,0.2917521595954895,10.841682687401772,0.14983703196048737,0.5,0.019820215180516243,0.0
763,0.29190027713775635,10.838000312447548,0.15028056502342224,0.5,0.019859841093420982,0.0
764,0.29232287406921387,10.848999798297882,0.15068578720092773,0.5,0.019898340106010437,0.0
765,0.2930569350719452,10.877436459064484,0.15101642906665802,0.5,0.019933193922042847,0.0
766,0.29258590936660767,10.847334384918213,0.15127846598625183,0.5,0.019964484497904778,0.0
767,0.29342329502105713,10.884647622704506,0.1514607071876526,0.5,0.019991112872958183,0.0
768,0.2927345037460327,10.846872687339783,0.1515941321849823,0.5,0.020015431568026543,0.0
769,0.29221922159194946,10.818786963820457,0.15168693661689758,0.5,0.020036527886986732,0.0
770,0.29348915815353394,10.880779474973679,0.15174716711044312,0.5,0.02005396969616413,0.0
771,0.293143630027771,10.858673617243767,0.15194028615951538,0.5,0.020075757056474686,0.0
772,0.2934328019618988,10.866102740168571,0.15222150087356567,0.5,0.02010403387248516,0.0
773,0.2945854067802429,10.91586647927761,0.15253618359565735,0.5,0.02013489045202732,0.0
774,0.2928488254547119,10.820828884840012,0.1528644859790802,0.5,0.02016613818705082,0.0
775,0.29297617077827454,10.818940356373787,0.15319472551345825,0.5,0.020198198035359383,0.0
776,0.29281431436538696,10.803157716989517,0.15350234508514404,0.5,0.020229706540703773,0.0
777,0.294617235660553,10.886836722493172,0.15376096963882446,0.5,0.02025832049548626,0.0
778,0.2938128709793091,10.840867325663567,0.15399104356765747,0.5,0.020285673439502716,0.0
779,0.2932876944541931,10.809263795614243,0.154204860329628,0.5,0.0203101746737957,0.0
780,0.2941600978374481,10.847594141960144,0.15441644191741943,0.5,0.020333873108029366,0.0
781,0.2935476303100586,10.812315672636032,0.15460267663002014,0.5,0.020357254892587662,0.0
782,0.2939029932022095,10.826107636094093,0.1547616720199585,0.5,0.020378202199935913,0.0
783,0.2943268418312073,10.84410908818245,0.1548892855644226,0.5,0.020397352054715157,0.0
784,0.2949802577495575,10.874358177185059,0.1549862027168274,0.5,0.020414723083376884,0.0
785,0.29515761137008667,10.880821391940117,0.15508240461349487,0.5,0.020431479439139366,0.0
786,0.2947898805141449,10.860464200377464,0.15516121685504913,0.5,0.020446117967367172,0.0
787,0.2951743006706238,10.878279685974121,0.15521737933158875,0.5,0.020458059385418892,0.0
788,0.29554352164268494,10.896043747663498,0.15524530410766602,0.5,0.020466990768909454,0.0
789,0.293764591217041,10.807428702712059,0.1552320122718811,0.5,0.02047203853726387,0.0
790,0.29369691014289856,10.805735722184181,0.15516437590122223,0.5,0.020474065095186234,0.0
791,0.2940732538700104,10.826255157589912,0.15509629249572754,0.5,0.020474866032600403,0.0
792,0.2948174774646759,10.865590691566467,0.15501132607460022,0.5,0.020473375916481018,0.0
793,0.29449278116226196,10.851876109838486,0.15491048991680145,0.5,0.02047022059559822,0.0
794,0.2938781678676605,10.824981808662415,0.1547570377588272,0.5,0.020463744178414345,0.0
795,0.2945512533187866,10.86314670741558,0.1545765995979309,0.5,0.020456599071621895,0.0
796,0.2938818335533142,10.833767518401146,0.15441295504570007,0.5,0.020449763163924217,0.0
797,0.2939578592777252,10.841694295406342,0.1542479395866394,0.5,0.02044197916984558,0.0
798,0.2937691807746887,10.836100772023201,0.1540943682193756,0.5,0.02043437957763672,0.0
799,0.2942206859588623,10.862646147608757,0.15393555164337158,0.5,0.020426234230399132,0.0
800,0.29352474212646484,10.831498965620995,0.15378952026367188,0.5,0.020418306812644005,0.0
801,0.2929888963699341,10.808289051055908,0.15364624559879303,0.5,0.020411284640431404,0.0
802,0.2931670546531677,10.819439992308617,0.15355651080608368,0.5,0.02040845900774002,0.0
803,0.29319342970848083,10.82262122631073,0.15348203480243683,0.5,0.02040654793381691,0.0
804,0.2934202253818512,10.836122021079063,0.15339556336402893,0.5,0.020405258983373642,0.0
805,0.2931808829307556,10.82628707587719,0.15331029891967773,0.5,0.02040444314479828,0.0
806,0.2926519513130188,10.802360966801643,0.15320950746536255,0.5,0.02040155977010727,0.0
807,0.29224324226379395,10.78496703505516,0.1530878245830536,0.5,0.020396636798977852,0.0
808,0.29399096965789795,10.874859631061554,0.1529875099658966,0.5,0.020391570404171944,0.0
809,0.2931098937988281,10.832648277282715,0.15291383862495422,0.5,0.020388007164001465,0.0
810,0.2930837869644165,10.831857606768608,0.15289324522018433,0.5,0.02038760297000408,0.0
811,0.29257339239120483,10.806127473711967,0.15290170907974243,0.5,0.02038952149450779,0.0
812,0.29192638397216797,10.77347618341446,0.15291371941566467,0.5,0.02039104513823986,0.0
813,0.2924787998199463,10.801447167992592,0.15289969742298126,0.5,0.020391428843140602,0.0
814,0.29268530011177063,10.812955886125565,0.1528523564338684,0.5,0.020389121025800705,0.0
815,0.29255276918411255,10.808192983269691,0.15277782082557678,0.5,0.020386019721627235,0.0
816,0.29213911294937134,10.790255308151245,0.15266799926757812,0.5,0.02038022130727768,0.0
817,0.2922128438949585,10.797352895140648,0.15253153443336487,0.5,0.02037251554429531,0.0
818,0.29218578338623047,10.799907580018044,0.1523752361536026,0.5,0.020362000912427902,0.0
819,0.2922435998916626,10.80726645886898,0.15219652652740479,0.5,0.020350271835923195,0.0
820,0.2923108637332916,10.815428957343102,0.15200458467006683,0.5,0.020336663350462914,0.0
821,0.29242661595344543,10.826588064432144,0.15178969502449036,0.5,0.020321238785982132,0.0
822,0.2929933965206146,10.861030891537666,0.15154556930065155,0.5,0.02030354179441929,0.0
823,0.29200831055641174,10.818628638982773,0.15127146244049072,0.5,0.02028336562216282,0.0
824,0.2908639907836914,10.768366232514381,0.15099334716796875,0.5,0.02026279643177986,0.0
825,0.2916494607925415,10.813589945435524,0.15075534582138062,0.5,0.020243175327777863,0.0
826,0.29072123765945435,10.771658226847649,0.1505761444568634,0.5,0.020226741209626198,0.0
827,0.29203101992607117,10.841199800372124,0.15041406452655792,0.5,0.02021210268139839,0.0
828,0.2911708652973175,10.801897883415222,0.15026579797267914,0.5,0.020198587328195572,0.0
829,0.2915686070919037,10.824541822075844,0.15015554428100586,0.5,0.020187117159366608,0.0
830,0.29137784242630005,10.817612335085869,0.15005116164684296,0.5,0.02017536759376526,0.0
831,0.29066967964172363,10.785215497016907,0.14993071556091309,0.5,0.020161759108304977,0.0
832,0.2909398078918457,10.801602691411972,0.14981549978256226,0.5,0.020148897543549538,0.0
833,0.29017698764801025,10.766626462340355,0.1496889591217041,0.5,0.020134607329964638,0.0
834,0.2907649278640747,10.798259034752846,0.14959952235221863,0.5,0.020122310146689415,0.0
835,0.2899566888809204,10.758937776088715,0.14955586194992065,0.5,0.020112816244363785,0.0
836,0.29011958837509155,10.767629161477089,0.14953398704528809,0.5,0.020104581490159035,0.0
837,0.29081809520721436,10.80330315232277,0.14950405061244965,0.5,0.020096026360988617,0.0
838,0.2916615903377533,10.846569925546646,0.14946037530899048,0.5,0.02008606679737568,0.0
839,0.29024696350097656,10.776327431201935,0.14944085478782654,0.5,0.02007904462516308,0.0
840,0.2926885485649109,10.898672357201576,0.14943018555641174,0.5,0.020074136555194855,0.0
841,0.2904573082923889,10.787672892212868,0.1494077444076538,0.5,0.02006961777806282,0.0
842,0.29164397716522217,10.84766636788845,0.14938127994537354,0.5,0.02006564848124981,0.0
843,0.2918984591960907,10.861558943986893,0.14933454990386963,0.5,0.020060889422893524,0.0
844,0.291317343711853,10.833862245082855,0.14928017556667328,0.5,0.020055623725056648,0.0
845,0.2921869158744812,10.879065379500389,0.14921125769615173,0.5,0.020050201565027237,0.0
846,0.2913709580898285,10.83969795703888,0.14915400743484497,0.5,0.02004607394337654,0.0
847,0.2902557849884033,10.785417050123215,0.14909489452838898,0.5,0.02004164457321167,0.0
848,0.29110151529312134,10.829602390527725,0.14901891350746155,0.5,0.020035868510603905,0.0
849,0.2919718623161316,10.875377133488655,0.14892861247062683,0.5,0.020028283819556236,0.0
850,0.2925174832344055,10.905068382620811,0.14883223176002502,0.5,0.02001992240548134,0.0
851,0.2910940945148468,10.836570993065834,0.14872536063194275,0.5,0.0200102087110281,0.0
852,0.2919587194919586,10.88264748454094,0.14861154556274414,0.5,0.019998956471681595,0.0
853,0.2910095453262329,10.838760882616043,0.14846861362457275,0.5,0.01998729817569256,0.0
854,0.2904919981956482,10.816464990377426,0.1483253836631775,0.5,0.019975990056991577,0.0
855,0.2909037470817566,10.839473336935043,0.14822858572006226,0.5,0.01996799185872078,0.0
856,0.2912369966506958,10.855711355805397,0.14824554324150085,0.5,0.019965114071965218,0.0
857,0.2899967432022095,10.790579959750175,0.14837032556533813,0.5,0.019970422610640526,0.0
858,0.2905959486961365,10.81484168767929,0.14859822392463684,0.5,0.019982796162366867,0.0
859,0.2903979420661926,10.796844333410263,0.14892208576202393,0.5,0.02000325731933117,0.0
860,0.28953516483306885,10.74480427801609,0.1492781937122345,0.5,0.020029429346323013,0.0
861,0.2908710837364197,10.801201552152634,0.14969408512115479,0.5,0.02006090246140957,0.0
862,0.2908543050289154,10.787710696458817,0.15020018815994263,0.5,0.020100411027669907,0.0
863,0.2916125953197479,10.810949146747589,0.15078723430633545,0.5,0.020146992057561874,0.0
864,0.2910464107990265,10.764688357710838,0.15150529146194458,0.5,0.020205581560730934,0.0
865,0.29204779863357544,10.794913783669472,0.15229904651641846,0.5,0.02027428336441517,0.0
866,0.29285064339637756,10.814721882343292,0.15311242640018463,0.5,0.02034900337457657,0.0
867,0.29274341464042664,10.789662897586823,0.15390032529830933,0.5,0.020424598827958107,0.0
868,0.2939794659614563,10.830262303352356,0.15474842488765717,0.5,0.020507825538516045,0.0
869,0.2944701910018921,10.83352915942669,0.1555992066860199,0.5,0.020594431087374687,0.0
870,0.2957693636417389,10.878129288554192,0.15641355514526367,0.5,0.020680660381913185,0.0
871,0.2954108417034149,10.840911597013474,0.15718524158000946,0.5,0.020764868706464767,0.0
872,0.2957947850227356,10.842193126678467,0.1579018235206604,0.5,0.02084621973335743,0.0
873,0.2957128882408142,10.82230994105339,0.15853339433670044,0.5,0.020923493430018425,0.0
874,0.29762256145477295,10.9041608273983,0.1590786576271057,0.5,0.020995132625102997,0.0
875,0.2969011664390564,10.856290370225906,0.15955069661140442,0.5,0.021060900762677193,0.0
876,0.29703235626220703,10.851851150393486,0.15999063849449158,0.5,0.021121393889188766,0.0
877,0.2967657446861267,10.828245863318443,0.16040167212486267,0.5,0.021179528906941414,0.0
878,0.2977246940135956,10.866785779595375,0.1607779562473297,0.5,0.021234095096588135,0.0
879,0.2987179160118103,10.907802894711494,0.16112369298934937,0.5,0.0212848037481308,0.0
880,0.29945021867752075,10.937637940049171,0.1613948941230774,0.5,0.02133024111390114,0.0
881,0.2976478040218353,10.842202737927437,0.1616075038909912,0.5,0.021369945257902145,0.0
882,0.29837411642074585,10.87445718050003,0.16176992654800415,0.5,0.02140524983406067,0.0
883,0.29848235845565796,10.877284124493599,0.16187335550785065,0.5,0.021435419097542763,0.0
884,0.29767173528671265,10.835111171007156,0.16193899512290955,0.5,0.02146141789853573,0.0
885,0.297711580991745,10.835520312190056,0.1620023548603058,0.5,0.021483972668647766,0.0
886,0.29758307337760925,10.82838460803032,0.16203075647354126,0.5,0.02150258794426918,0.0
887,0.2981605529785156,10.857254192233086,0.16203096508979797,0.5,0.02151680178940296,0.0
888,0.29724276065826416,10.812650069594383,0.1619795262813568,0.5,0.021526819095015526,0.0
889,0.29689645767211914,10.797289460897446,0.1619013100862503,0.5,0.021533945575356483,0.0
890,0.297630250453949,10.836224287748337,0.16181153059005737,0.5,0.021538110449910164,0.0
891,0.29761385917663574,10.838915526866913,0.16167107224464417,0.5,0.021539421752095222,0.0
892,0.29696643352508545,10.810533672571182,0.16151154041290283,0.5,0.021537141874432564,0.0
893,0.29645100235939026,10.79001796245575,0.16130128502845764,0.5,0.021530380472540855,0.0
894,0.29643744230270386,10.795122757554054,0.16106995940208435,0.5,0.02152007259428501,0.0
895,0.2966240644454956,10.81087800860405,0.16081297397613525,0.5,0.02150668203830719,0.0
896,0.296137273311615,10.793926820158958,0.16051749885082245,0.5,0.02148980088531971,0.0
897,0.29521214962005615,10.755539327859879,0.1602027416229248,0.5,0.02147202380001545,0.0
898,0.2956019639968872,10.783062189817429,0.15988141298294067,0.5,0.02145400084555149,0.0
899,0.29654282331466675,10.837269634008408,0.15959489345550537,0.5,0.021437382325530052,0.0
900,0.2960214614868164,10.817600026726723,0.15933893620967865,0.5,0.02142196334898472,0.0
901,0.29685908555984497,10.86544445157051,0.15910035371780396,0.5,0.02140701748430729,0.0
902,0.2953456938266754,10.795382663607597,0.15887609124183655,0.5,0.021391872316598892,0.0
903,0.2952742576599121,10.797346413135529,0.15865465998649597,0.5,0.021376680582761765,0.0
904,0.2968185544013977,10.879737675189972,0.15844760835170746,0.5,0.021361438557505608,0.0
905,0.295437216758728,10.816401332616806,0.1582183837890625,0.5,0.02134310081601143,0.0
906,0.29479748010635376,10.788893446326256,0.15803924202919006,0.5,0.02132747322320938,0.0
907,0.29507702589035034,10.80705539882183,0.15787184238433838,0.5,0.021312521770596504,0.0
908,0.2948346436023712,10.799174308776855,0.15770232677459717,0.5,0.021297909319400787,0.0
909,0.2953861355781555,10.831357225775719,0.15751799941062927,0.5,0.02128227986395359,0.0
910,0.2942255735397339,10.77693858742714,0.15737363696098328,0.5,0.02126930095255375,0.0
911,0.29469138383865356,10.803907543420792,0.15722650289535522,0.5,0.02125672623515129,0.0
912,0.29480090737342834,10.813350945711136,0.15706776082515717,0.5,0.02124405838549137,0.0
913,0.2960957884788513,10.873154744505882,0.15726539492607117,0.5,0.02125951461493969,0.0
914,0.29509541392326355,10.811259299516678,0.15774044394493103,0.5,0.0212993323802948,0.0
915,0.29420897364616394,10.75062108039856,0.15839311480522156,0.5,0.021356401965022087,0.0
916,0.2962591052055359,10.83497117459774,0.1591193974018097,0.5,0.021423300728201866,0.0
917,0.2976939082145691,10.887059196829796,0.15990543365478516,0.5,0.02149658277630806,0.0
918,0.2966053783893585,10.812538981437683,0.1607091873884201,0.5,0.02157418802380562,0.0
919,0.29714444279670715,10.820300340652466,0.16147688031196594,0.5,0.02165215276181698,0.0
920,0.2961429953575134,10.751993641257286,0.1622062623500824,0.5,0.021727727726101875,0.0
921,0.29770219326019287,10.812224343419075,0.1629154086112976,0.5,0.021804308518767357,0.0
922,0.2976953387260437,10.79512482881546,0.16358572244644165,0.5,0.021878952160477638,0.0
923,0.2994851768016815,10.869352668523788,0.16419625282287598,0.5,0.02194998227059841,0.0
924,0.29950129985809326,10.856527730822563,0.16474147140979767,0.5,0.02201605960726738,0.0
925,0.2990568280220032,10.822364866733551,0.16521906852722168,0.5,0.02207730896770954,0.0
926,0.2994433045387268,10.830817461013794,0.16565394401550293,0.5,0.02213433012366295,0.0
927,0.299254834651947,10.811999350786209,0.166029691696167,0.5,0.022186914458870888,0.0
928,0.29940125346183777,10.81077827513218,0.16637137532234192,0.5,0.022236675024032593,0.0
929,0.29979264736175537,10.82128943502903,0.16673368215560913,0.5,0.02228446677327156,0.0
930,0.30043870210647583,10.845079556107521,0.1670742630958557,0.5,0.022329822182655334,0.0
931,0.2988755702972412,10.759021386504173,0.16739025712013245,0.5,0.022371958941221237,0.0
932,0.2996743321418762,10.792832747101784,0.16763538122177124,0.5,0.02240990847349167,0.0
933,0.30125877261161804,10.862826988101006,0.16800445318222046,0.5,0.022455574944615364,0.0
934,0.3007311224937439,10.826430767774582,0.16840499639511108,0.5,0.02250463329255581,0.0
935,0.3015556037425995,10.857341289520264,0.16881756484508514,0.5,0.02255535125732422,0.0
936,0.30051958560943604,10.796038791537285,0.16919763386249542,0.5,0.022605491802096367,0.0
937,0.3006417155265808,10.79390174150467,0.1695273220539093,0.5,0.02265346422791481,0.0
938,0.30081087350845337,10.794987618923187,0.16982227563858032,0.5,0.022693535313010216,0.0
939,0.3021541237831116,10.854405373334885,0.17013204097747803,0.5,0.022737009450793266,0.0
940,0.3015499413013458,10.816689670085907,0.17043229937553406,0.5,0.022780537605285645,0.0
941,0.30167055130004883,10.815693840384483,0.17071333527565002,0.5,0.022823838517069817,0.0
942,0.3012537956237793,10.788455486297607,0.17096933722496033,0.5,0.022866057232022285,0.0
943,0.30167675018310547,10.804058238863945,0.17119112610816956,0.5,0.02290608175098896,0.0
944,0.30260321497917175,10.846073597669601,0.1713634878396988,0.5,0.022943146526813507,0.0
945,0.30265000462532043,10.845619142055511,0.17147523164749146,0.5,0.022976724430918694,0.0
946,0.3020489513874054,10.813174620270729,0.17157092690467834,0.5,0.02300717867910862,0.0
947,0.3021008372306824,10.813814178109169,0.17164912819862366,0.5,0.023033922538161278,0.0
948,0.3024904727935791,10.831385314464569,0.1717255562543869,0.5,0.02305878885090351,0.0
949,0.3020232617855072,10.806973174214363,0.17176759243011475,0.5,0.02308036759495735,0.0
950,0.30272141098976135,10.841850444674492,0.17176881432533264,0.5,0.023097869008779526,0.0
951,0.30203977227211,10.808648481965065,0.17173361778259277,0.5,0.023111842572689056,0.0
952,0.3022160530090332,10.819606438279152,0.17164787650108337,0.5,0.023121993988752365,0.0
953,0.30148565769195557,10.785991594195366,0.17153167724609375,0.5,0.023127356544137,0.0
954,0.3010362386703491,10.76702605187893,0.17139139771461487,0.5,0.02312985435128212,0.0
955,0.3023339509963989,10.83474612236023,0.17127804458141327,0.5,0.02313273958861828,0.0
956,0.3023422360420227,10.838511496782303,0.171144038438797,0.5,0.023132378235459328,0.0
957,0.30153363943099976,10.802014037966728,0.17098672688007355,0.5,0.023129289969801903,0.0
958,0.30119332671165466,10.78968071937561,0.17079943418502808,0.5,0.023122869431972504,0.0
959,0.3005167245864868,10.761020705103874,0.17059263586997986,0.5,0.023114299401640892,0.0
960,0.30080747604370117,10.781828746199608,0.17034181952476501,0.5,0.023102350533008575,0.0
961,0.3009442389011383,10.795927941799164,0.17005135118961334,0.5,0.02308642491698265,0.0
962,0.30056995153427124,10.784627988934517,0.1697547435760498,0.5,0.02306867390871048,0.0
963,0.3006901741027832,10.798101514577866,0.16945628821849823,0.5,0.023050153627991676,0.0
964,0.30043452978134155,10.793263554573059,0.16913855075836182,0.5,0.02302897535264492,0.0
965,0.2997773289680481,10.76904846727848,0.1687926948070526,0.5,0.02300543524324894,0.0
966,0.3006422817707062,10.821557030081749,0.16842226684093475,0.5,0.022979244589805603,0.0
967,0.2999468445777893,10.795799612998962,0.16806171834468842,0.5,0.022953122854232788,0.0
968,0.2999892234802246,10.806297481060028,0.1677265465259552,0.5,0.022927772253751755,0.0
969,0.29941555857658386,10.786100715398788,0.16738709807395935,0.5,0.02290165424346924,0.0
970,0.2997465133666992,10.811561807990074,0.16703054308891296,0.5,0.022873839363455772,0.0
971,0.29825469851493835,10.746153831481934,0.16666322946548462,0.5,0.022845815867185593,0.0
972,0.2988453805446625,10.785130023956299,0.16628557443618774,0.5,0.022816987708210945,0.0
973,0.2984268069267273,10.773997947573662,0.16589371860027313,0.5,0.022786671295762062,0.0
974,0.29791826009750366,10.758278161287308,0.16550534963607788,0.5,0.022755630314350128,0.0
975,0.29767537117004395,10.755418926477432,0.16513395309448242,0.5,0.022725485265254974,0.0
976,0.2971646785736084,10.7376379519701,0.16482383012771606,0.5,0.02269992232322693,0.0
977,0.2977290749549866,10.768810793757439,0.16470569372177124,0.5,0.022681651636958122,0.0
978,0.29740282893180847,10.751471683382988,0.16474679112434387,0.5,0.02267308160662651,0.0
979,0.29723191261291504,10.740345686674118,0.16484996676445007,0.5,0.0226712916046381,0.0
980,0.2993265688419342,10.841890439391136,0.1649775207042694,0.5,0.022673465311527252,0.0
981,0.2977938652038574,10.762277469038963,0.16509661078453064,0.5,0.022677041590213776,0.0
982,0.2979995906352997,10.769846066832542,0.16520532965660095,0.5,0.022682063281536102,0.0
983,0.29858022928237915,10.796629160642624,0.1652953028678894,0.5,0.022687826305627823,0.0
984,0.29902321100234985,10.817347034811974,0.16535258293151855,0.5,0.022693879902362823,0.0
985,0.2983974814414978,10.78520454466343,0.16538682579994202,0.5,0.022698629647493362,0.0
986,0.2983764410018921,10.78386589884758,0.1653982698917389,0.5,0.022702950984239578,0.0
987,0.2990637421607971,10.817729458212852,0.16541826725006104,0.5,0.022706009447574615,0.0
988,0.299018919467926,10.813900157809258,0.16548186540603638,0.5,0.022711003199219704,0.0
989,0.300251305103302,10.872125744819641,0.16561761498451233,0.5,0.02272171340882778,0.0
990,0.2981799840927124,10.76518639922142,0.16575253009796143,0.5,0.0227336622774601,0.0
991,0.2992457151412964,10.815233409404755,0.16588206589221954,0.5,0.022745613008737564,0.0
992,0.29919499158859253,10.809441536664963,0.16601228713989258,0.5,0.02275928109884262,0.0
993,0.29896748065948486,10.795178145170212,0.16612784564495087,0.5,0.02277289144694805,0.0
994,0.29934170842170715,10.811598494648933,0.16621947288513184,0.5,0.02278517745435238,0.0
995,0.2992073893547058,10.80197012424469,0.16633598506450653,0.5,0.022798113524913788,0.0
996,0.2976885437965393,10.723246827721596,0.16644719243049622,0.5,0.022810306400060654,0.0
997,0.2998434901237488,10.828668609261513,0.1665402203798294,0.5,0.02282068505883217,0.0
998,0.2986345887184143,10.766208052635193,0.16662082076072693,0.5,0.022830946370959282,0.0
999,0.2988201975822449,10.774679496884346,0.16665318608283997,0.5,0.02283884771168232,0.0
1000,0.29866936802864075,10.767191380262375,0.16665107011795044,0.5,0.022843925282359123,0.0
1001,0.2982804775238037,10.748901933431625,0.16660484671592712,0.5,0.022845963016152382,0.0
1002,0.2988748848438263,10.780417934060097,0.16653306782245636,0.5,0.02284490503370762,0.0
1003,0.29898613691329956,10.788106814026833,0.16644802689552307,0.5,0.022842245176434517,0.0
1004,0.29873573780059814,10.7782644033432,0.1663408875465393,0.5,0.02283790335059166,0.0
1005,0.2991315722465515,10.801079973578453,0.16621997952461243,0.5,0.022830436006188393,0.0
1006,0.29879796504974365,10.78601025044918,0.16615548729896545,0.5,0.022824425250291824,0.0
1007,0.2988707721233368,10.791517928242683,0.16608083248138428,0.5,0.02281811833381653,0.0
1008,0.29839831590652466,10.770183950662613,0.16598930954933167,0.5,0.02281060256063938,0.0
1009,0.2985305190086365,10.77935990691185,0.16588661074638367,0.5,0.022802619263529778,0.0
1010,0.2980682849884033,10.758783623576164,0.16578522324562073,0.5,0.022794168442487717,0.0
1011,0.2988211512565613,10.799106359481812,0.16567803919315338,0.5,0.02278491109609604,0.0
1012,0.29799824953079224,10.761496156454086,0.16553664207458496,0.5,0.022772343829274178,0.0
1013,0.2973043620586395,10.731285586953163,0.1653572916984558,0.5,0.022757679224014282,0.0
1014,0.29861652851104736,10.801454067230225,0.16517490148544312,0.5,0.02274162322282791,0.0
1015,0.29785311222076416,10.767927438020706,0.1649891436100006,0.5,0.02272433042526245,0.0
1016,0.29817187786102295,10.789038226008415,0.16478224098682404,0.5,0.022707020863890648,0.0
1017,0.298578143119812,10.810132458806038,0.16475099325180054,0.5,0.022705037146806717,0.0
1018,0.2978159189224243,10.770773947238922,0.16480091214179993,0.5,0.02271265722811222,0.0
1019,0.29882121086120605,10.818731978535652,0.16489312052726746,0.5,0.022727089002728462,0.0
1020,0.2982454001903534,10.787207812070847,0.1650024950504303,0.5,0.022746272385120392,0.0
1021,0.298046737909317,10.774705305695534,0.16510525345802307,0.5,0.02276681922376156,0.0
1022,0.29878562688827515,10.808412954211235,0.16523477435112,0.5,0.022789698094129562,0.0
1023,0.2981724441051483,10.77501466870308,0.16534429788589478,0.5,0.02281131222844124,0.0
1024,0.29974186420440674,10.851667732000351,0.16541703045368195,0.5,0.02283056639134884,0.0
1025,0.29915571212768555,10.821585223078728,0.16544800996780396,0.5,0.022847019135951996,0.0
1026,0.29975149035453796,10.851105153560638,0.1654587686061859,0.5,0.022862035781145096,0.0
1027,0.298393189907074,10.783595517277718,0.1654425859451294,0.5,0.02287479303777218,0.0
1028,0.2985727787017822,10.794082164764404,0.1653822660446167,0.5,0.022884568199515343,0.0
1029,0.29880958795547485,10.807795494794846,0.16530732810497284,0.5,0.022891920059919357,0.0
1030,0.2990550398826599,10.82231891155243,0.1652173101902008,0.5,0.022897232323884964,0.0
1031,0.2982160747051239,10.782997414469719,0.16511225700378418,0.5,0.022900253534317017,0.0
1032,0.2987709045410156,10.813834860920906,0.16498839855194092,0.5,0.022901343181729317,0.0
1033,0.2994716763496399,10.852056831121445,0.1648610532283783,0.5,0.022900495678186417,0.0
1034,0.29903608560562134,10.833905473351479,0.16471591591835022,0.5,0.022898081690073013,0.0
1035,0.29802563786506653,10.787179261446,0.1645641177892685,0.5,0.022893989458680153,0.0
1036,0.2980416417121887,10.792141616344452,0.16439765691757202,0.5,0.0228877030313015,0.0
1037,0.298490047454834,10.819044724106789,0.16421833634376526,0.5,0.02287866175174713,0.0
1038,0.29704368114471436,10.751906469464302,0.16401110589504242,0.5,0.02286709100008011,0.0
1039,0.2977098226547241,10.791053429245949,0.16377747058868408,0.5,0.022852467373013496,0.0
1040,0.2984501123428345,10.834407970309258,0.16352394223213196,0.5,0.022835008800029755,0.0
1041,0.2965039908885956,10.74446327984333,0.16322946548461914,0.5,0.022813918069005013,0.0
1042,0.29700523614883423,10.77762521803379,0.16290545463562012,0.5,0.022789422422647476,0.0
1043,0.296656996011734,10.76853233575821,0.1625727266073227,0.5,0.022763507440686226,0.0
1044,0.29699599742889404,10.794010773301125,0.16223159432411194,0.5,0.022736113518476486,0.0
1045,0.29615694284439087,10.760241389274597,0.16190418601036072,0.5,0.022707374766469002,0.0
1046,0.2967683672904968,10.798916459083557,0.16158011555671692,0.5,0.022676922380924225,0.0
1047,0.29558318853378296,10.739828363060951,0.16157323122024536,0.5,0.022662794217467308,0.0
1048,0.29628321528434753,10.765496253967285,0.16194657981395721,0.5,0.022672073915600777,0.0
1049,0.29705238342285156,10.789253413677216,0.16253462433815002,0.5,0.022698819637298584,0.0
1050,0.29826146364212036,10.832077249884605,0.16323983669281006,0.5,0.022737376391887665,0.0
1051,0.2986149489879608,10.83086682856083,0.16399523615837097,0.5,0.0227835550904274,0.0
1052,0.2987714409828186,10.820378735661507,0.16472777724266052,0.5,0.022832045331597328,0.0
1053,0.2999460697174072,10.861737191677094,0.16542264819145203,0.5,0.02288089506328106,0.0
1054,0.30015644431114197,10.855231165885925,0.16610364615917206,0.5,0.022931277751922607,0.0
1055,0.2993377149105072,10.79878431558609,0.1667240411043167,0.5,0.022980105131864548,0.0
1056,0.2995947599411011,10.797856211662292,0.16727524995803833,0.5,0.023026632145047188,0.0
1057,0.2997772991657257,10.794868126511574,0.16775986552238464,0.5,0.023068569600582123,0.0
1058,0.2995666563510895,10.773136407136917,0.16820783913135529,0.5,0.023109087720513344,0.0
1059,0.3002462387084961,10.797142758965492,0.16860675811767578,0.5,0.023144802078604698,0.0
1060,0.29957544803619385,10.754697769880295,0.1689630150794983,0.5,0.023176971822977066,0.0
1061,0.3002607822418213,10.781176656484604,0.16927450895309448,0.5,0.023206669837236404,0.0
1062,0.3015347719192505,10.838526904582977,0.16952845454216003,0.5,0.023233085870742798,0.0
1063,0.30055874586105347,10.784884512424469,0.1697220802307129,0.5,0.0232562143355608,0.0
1064,0.3001617193222046,10.761274725198746,0.1698724329471588,0.5,0.023275449872016907,0.0
1065,0.30056774616241455,10.779294267296791,0.1699637472629547,0.5,0.02329038642346859,0.0
1066,0.3005208373069763,10.77577754855156,0.1700105369091034,0.5,0.02330244705080986,0.0
1067,0.30079060792922974,10.789176419377327,0.17001420259475708,0.5,0.023311320692300797,0.0
1068,0.30143457651138306,10.822454705834389,0.16997095942497253,0.5,0.0233165230602026,0.0
1069,0.3008752763271332,10.796558380126953,0.1698882281780243,0.5,0.023318305611610413,0.0
1070,0.29989635944366455,10.750627741217613,0.1697676181793213,0.5,0.023315085098147392,0.0
1071,0.3011479675769806,10.817525997757912,0.1695948839187622,0.5,0.02330728992819786,0.0
1072,0.2995322346687317,10.742391422390938,0.16936877369880676,0.5,0.023295816034078598,0.0
1073,0.30062341690063477,10.802972108125687,0.16912797093391418,0.5,0.023281186819076538,0.0
1074,0.30071213841438293,10.814362168312073,0.16884979605674744,0.5,0.023263348266482353,0.0
1075,0.29938334226608276,10.755820378661156,0.1685338318347931,0.5,0.02324104681611061,0.0
1076,0.30023977160453796,10.80623896420002,0.16822998225688934,0.5,0.02322140522301197,0.0
1077,0.2989775836467743,10.749992996454239,0.16795547306537628,0.5,0.023202750831842422,0.0
1078,0.2993355095386505,10.774518713355064,0.16769027709960938,0.5,0.02318441867828369,0.0
1079,0.30020394921302795,10.824298426508904,0.16743597388267517,0.5,0.023166468366980553,0.0
1080,0.298926442861557,10.766653522849083,0.16718673706054688,0.5,0.023147156462073326,0.0
1081,0.2993178367614746,10.792024493217468,0.16695472598075867,0.5,0.023127157241106033,0.0
1082,0.29863572120666504,10.763703301548958,0.1667233109474182,0.5,0.023106461390852928,0.0
1083,0.29859659075737,10.767019867897034,0.1665123999118805,0.5,0.023086147382855415,0.0
1084,0.29862263798713684,10.773549124598503,0.16630330681800842,0.5,0.02306552790105343,0.0
1085,0.29871809482574463,10.783645942807198,0.16609033942222595,0.5,0.023044666275382042,0.0
1086,0.29882559180259705,10.79457439482212,0.16586820781230927,0.5,0.023022109642624855,0.0
1087,0.2980307936668396,10.760663032531738,0.16563504934310913,0.5,0.022998983040452003,0.0
1088,0.2990955114364624,10.819358229637146,0.1654166877269745,0.5,0.022976769134402275,0.0
1089,0.2978924810886383,10.76438483595848,0.1652095764875412,0.5,0.022954631596803665,0.0
1090,0.2980019748210907,10.77444739639759,0.16502606868743896,0.5,0.02293797954916954,0.0
1091,0.2995184659957886,10.853717267513275,0.16488821804523468,0.5,0.02292492799460888,0.0
1092,0.2983621060848236,10.799088388681412,0.16476067900657654,0.5,0.022913925349712372,0.0
1093,0.29888802766799927,10.827192649245262,0.1646883189678192,0.5,0.02290586195886135,0.0
1094,0.2979389429092407,10.78096604347229,0.16463923454284668,0.5,0.022901339456439018,0.0
1095,0.29784148931503296,10.77699165046215,0.1646033227443695,0.5,0.022897616028785706,0.0
1096,0.29870861768722534,10.821189790964127,0.1645696461200714,0.5,0.022895650938153267,0.0
1097,0.2989650368690491,10.834867298603058,0.16453540325164795,0.5,0.022893758490681648,0.0
1098,0.30011290311813354,10.893652528524399,0.16447967290878296,0.5,0.02289174124598503,0.0
1099,0.30022531747817993,10.900477826595306,0.16443154215812683,0.5,0.022889884188771248,0.0
1100,0.29905766248703003,10.84274636209011,0.1644054353237152,0.5,0.022890131920576096,0.0
1101,0.2986374497413635,10.821565061807632,0.164412260055542,0.5,0.022891461849212646,0.0
1102,0.2988700568675995,10.833171471953392,0.1644132435321808,0.5,0.022891787812113762,0.0
1103,0.29898959398269653,10.839879229664803,0.16438403725624084,0.5,0.02289006859064102,0.0
1104,0.2997881770133972,10.881020963191986,0.16433551907539368,0.5,0.02288666181266308,0.0
1105,0.29883575439453125,10.835058435797691,0.16426917910575867,0.5,0.022881384938955307,0.0
1106,0.2997347116470337,10.881936132907867,0.16419197618961334,0.5,0.02287425845861435,0.0
1107,0.29813864827156067,10.804001659154892,0.16411720216274261,0.5,0.02286691963672638,0.0
1108,0.29929792881011963,10.862987667322159,0.16407638788223267,0.5,0.02286027930676937,0.0
1109,0.2995172142982483,10.87439289689064,0.16405868530273438,0.5,0.0228539127856493,0.0
1110,0.29796767234802246,10.797668129205704,0.1640286147594452,0.5,0.022846544161438942,0.0
1111,0.29952049255371094,10.876054376363754,0.1639987975358963,0.5,0.022839749231934547,0.0
1112,0.2980797290802002,10.80399675667286,0.1639995574951172,0.5,0.02283385954797268,0.0
1113,0.2981259524822235,10.80597323179245,0.16401296854019165,0.5,0.022829357534646988,0.0
1114,0.2981247305870056,10.805581137537956,0.1640262007713318,0.5,0.022826390340924263,0.0
1115,0.29925185441970825,10.86197917163372,0.16402454674243927,0.5,0.022822441533207893,0.0
1116,0.29910901188850403,10.854413777589798,0.1640414595603943,0.5,0.022819779813289642,0.0
1117,0.29820239543914795,10.80872492492199,0.16405579447746277,0.5,0.022816820070147514,0.0
1118,0.2996234893798828,10.879809901118279,0.16405457258224487,0.5,0.02281426638364792,0.0
1119,0.29826799035072327,10.812202706933022,0.16404788196086884,0.5,0.022812319919466972,0.0
1120,0.29812127351760864,10.80461485683918,0.16405797004699707,0.5,0.022810867056250572,0.0
1121,0.29852330684661865,10.825118750333786,0.1640419065952301,0.5,0.02280719019472599,0.0
1122,0.2984348237514496,10.821366518735886,0.1640150099992752,0.5,0.022801971063017845,0.0
1123,0.29831111431121826,10.815989926457405,0.16398265957832336,0.5,0.02279641106724739,0.0
1124,0.2968694567680359,10.745140358805656,0.16393330693244934,0.5,0.022790219634771347,0.0
1125,0.2989412546157837,10.850814834237099,0.16384994983673096,0.5,0.02278199978172779,0.0
1126,0.2979738712310791,10.804398402571678,0.16377180814743042,0.5,0.02277291752398014,0.0
1127,0.2978387773036957,10.799276143312454,0.16370652616024017,0.5,0.022765571251511574,0.0
1128,0.2984287142753601,10.829599067568779,0.1636734902858734,0.5,0.022760365158319473,0.0
1129,0.29840224981307983,10.828619047999382,0.16365978121757507,0.5,0.02275572344660759,0.0
1130,0.29881441593170166,10.849698975682259,0.16364091634750366,0.5,0.022751446813344955,0.0
1131,0.2973596453666687,10.777819499373436,0.16360649466514587,0.5,0.022748323157429695,0.0
1132,0.29745030403137207,10.782854497432709,0.16358646750450134,0.5,0.022746829316020012,0.0
1133,0.2982226610183716,10.82216988503933,0.1635584831237793,0.5,0.02274508960545063,0.0
1134,0.2974889278411865,10.777487605810165,0.16387835144996643,0.5,0.0227536428719759,0.0
1135,0.29787346720695496,10.783466383814812,0.16440826654434204,0.5,0.0227799229323864,0.0
1136,0.298642098903656,10.80677716434002,0.16501307487487793,0.5,0.02281699888408184,0.0
1137,0.29975324869155884,10.846252053976059,0.16565638780593872,0.5,0.022860802710056305,0.0
1138,0.2992091476917267,10.80307337641716,0.1662953644990921,0.5,0.022909417748451233,0.0
1139,0.2996455430984497,10.810672789812088,0.16686415672302246,0.5,0.02295866049826145,0.0
1140,0.29979103803634644,10.805369555950165,0.16736730933189392,0.5,0.023007094860076904,0.0
1141,0.3008740544319153,10.84796579182148,0.1678294837474823,0.5,0.023053448647260666,0.0
1142,0.30013424158096313,10.801751732826233,0.16819843649864197,0.5,0.023095402866601944,0.0
1143,0.299457848072052,10.759659320116043,0.16852936148643494,0.5,0.023135153576731682,0.0
1144,0.3011477291584015,10.83740384876728,0.16879931092262268,0.5,0.023170556873083115,0.0
1145,0.30101972818374634,10.826119914650917,0.16899466514587402,0.5,0.02320087142288685,0.0
1146,0.30037257075309753,10.790137693285942,0.16913960874080658,0.5,0.0232267826795578,0.0
1147,0.3015843629837036,10.848364904522896,0.16923412680625916,0.5,0.023248186334967613,0.0
1148,0.30131492018699646,10.83392995595932,0.16927263140678406,0.5,0.02326650731265545,0.0
1149,0.3015349805355072,10.844335123896599,0.16929657757282257,0.5,0.02328157052397728,0.0
1150,0.30101871490478516,10.818456292152405,0.1692992001771927,0.5,0.023293673992156982,0.0
1151,0.30132168531417847,10.834208339452744,0.16927501559257507,0.5,0.023302266374230385,0.0
1152,0.30070066452026367,10.802460610866547,0.16930291056632996,0.5,0.02331334725022316,0.0
1153,0.3012336790561676,10.828271239995956,0.1693364828824997,0.5,0.023323815315961838,0.0
1154,0.30054521560668945,10.79353104531765,0.16934919357299805,0.5,0.02333311177790165,0.0
1155,0.3013077974319458,10.832231670618057,0.16932636499404907,0.5,0.023339347913861275,0.0
1156,0.3007534146308899,10.805957183241844,0.16926853358745575,0.5,0.023343779146671295,0.0
1157,0.3009745180606842,10.818894937634468,0.16919325292110443,0.5,0.023346325382590294,0.0
1158,0.3009243905544281,10.81912276148796,0.1690838485956192,0.5,0.02334510162472725,0.0
1159,0.3008282482624054,10.817146927118301,0.16897062957286835,0.5,0.02334129437804222,0.0
1160,0.301801860332489,10.869316786527634,0.1688310205936432,0.5,0.023334236815571785,0.0
1161,0.3011528551578522,10.841050744056702,0.16866369545459747,0.5,0.023324334993958473,0.0
1162,0.3008202910423279,10.829080879688263,0.1684773564338684,0.5,0.023312846198678017,0.0
1163,0.3004012703895569,10.813620239496231,0.16825777292251587,0.5,0.023298777639865875,0.0
1164,0.2996390461921692,10.781620860099792,0.16801324486732483,0.5,0.023282261565327644,0.0
1165,0.3007641136646271,10.844814255833626,0.16773568093776703,0.5,0.023263445124030113,0.0
1166,0.2998437285423279,10.80589796602726,0.16745154559612274,0.5,0.02324272319674492,0.0
1167,0.29913997650146484,10.77877251803875,0.1671290099620819,0.5,0.023219596594572067,0.0
1168,0.3004368543624878,10.852001368999481,0.16679367423057556,0.5,0.02319585718214512,0.0
1169,0.2998822033405304,10.833756074309349,0.16641415655612946,0.5,0.023168763145804405,0.0
1170,0.29855775833129883,10.777286753058434,0.1660240888595581,0.5,0.02313970774412155,0.0
1171,0.2995450496673584,10.836812227964401,0.16561760008335114,0.5,0.023108717054128647,0.0
1172,0.2987612187862396,10.807963371276855,0.16520391404628754,0.5,0.023076223209500313,0.0
1173,0.29808786511421204,10.785011738538742,0.16477526724338531,0.5,0.02304210141301155,0.0
1174,0.2982448637485504,10.80414180457592,0.1643240600824356,0.5,0.023006165400147438,0.0
1175,0.2973984181880951,10.77294060587883,0.16387921571731567,0.5,0.022969482466578484,0.0
1176,0.2979680299758911,10.812787935137749,0.1634245365858078,0.5,0.022931430488824844,0.0
1177,0.2974350154399872,10.797708421945572,0.1629616767168045,0.5,0.02289215847849846,0.0
1178,0.2975606918334961,10.815269857645035,0.16251060366630554,0.5,0.022852644324302673,0.0
1179,0.29774951934814453,10.83583927154541,0.16206544637680054,0.5,0.02281290851533413,0.0
1180,0.29596710205078125,10.756972804665565,0.16165533661842346,0.5,0.022773751989006996,0.0
1181,0.2961866557598114,10.776939272880554,0.16129574179649353,0.5,0.02273637056350708,0.0
1182,0.2967037856578827,10.811168923974037,0.1609608232975006,0.5,0.022699985653162003,0.0
1183,0.2959224581718445,10.778760194778442,0.16069453954696655,0.5,0.022665897384285927,0.0
1184,0.29571038484573364,10.77377763390541,0.1604696363210678,0.5,0.022634128108620644,0.0
1185,0.29615384340286255,10.801500111818314,0.16024771332740784,0.5,0.022603850811719894,0.0
1186,0.29603341221809387,10.800549045205116,0.1600448489189148,0.5,0.0225748959928751,0.0
1187,0.29585301876068115,10.796739026904106,0.15983647108078003,0.5,0.022547151893377304,0.0
1188,0.2954275608062744,10.780967950820923,0.1596164107322693,0.5,0.02251993492245674,0.0
1189,0.2955825626850128,10.794111147522926,0.15940068662166595,0.5,0.022492775693535805,0.0
1190,0.2950068712234497,10.76969675719738,0.15922591090202332,0.5,0.022467996925115585,0.0
1191,0.2953123450279236,10.789412096142769,0.1590481996536255,0.5,0.022443536669015884,0.0
1192,0.295017808675766,10.779303967952728,0.15886346995830536,0.5,0.02241799235343933,0.0
1193,0.2948686480522156,10.776691153645515,0.1586696207523346,0.5,0.02239203453063965,0.0
1194,0.29482781887054443,10.779626697301865,0.15847057104110718,0.5,0.022365354001522064,0.0
1195,0.29560139775276184,10.821835085749626,0.15832939743995667,0.5,0.022341154515743256,0.0
1196,0.2951781749725342,10.80342122912407,0.15821951627731323,0.5,0.02231862023472786,0.0
1197,0.2942699193954468,10.760518476366997,0.15811914205551147,0.5,0.022297892719507217,0.0
1198,0.293678879737854,10.7341820448637,0.157990500330925,0.5,0.02227790467441082,0.0
1199,0.295124351978302,10.81001541018486,0.157848060131073,0.5,0.022258445620536804,0.0
1200,0.29397398233413696,10.756266877055168,0.15769731998443604,0.5,0.02223939448595047,0.0
1201,0.2937961220741272,10.750714212656021,0.157563716173172,0.5,0.022221598774194717,0.0
1202,0.29365432262420654,10.747708648443222,0.15740031003952026,0.5,0.022202404215931892,0.0
1203,0.2926000952720642,10.699541941285133,0.15721851587295532,0.5,0.022182617336511612,0.0
1204,0.29389235377311707,10.769346371293068,0.15701085329055786,0.5,0.022160569205880165,0.0
1205,0.2936323881149292,10.761852204799652,0.15679070353507996,0.5,0.022137166932225227,0.0
1206,0.29360124468803406,10.765946179628372,0.1565646529197693,0.5,0.022113652899861336,0.0
1207,0.29393470287323,10.78807057440281,0.15634657442569733,0.5,0.02208980731666088,0.0
1208,0.29377982020378113,10.785170868039131,0.15615279972553253,0.5,0.02206767536699772,0.0
1209,0.2930710017681122,10.754616156220436,0.15595735609531403,0.5,0.022046661004424095,0.0
1210,0.29320287704467773,10.766214817762375,0.1557571440935135,0.5,0.02202559821307659,0.0
1211,0.293531596660614,10.787928134202957,0.15554603934288025,0.5,0.02200336381793022,0.0
1212,0.29218757152557373,10.726496011018753,0.15531529486179352,0.5,0.02197997085750103,0.0
1213,0.29280775785446167,10.763579830527306,0.15507236123085022,0.5,0.02195640280842781,0.0
1214,0.2927895188331604,10.768176168203354,0.1548519730567932,0.5,0.021933943033218384,0.0
1215,0.29202577471733093,10.735028460621834,0.15465041995048523,0.5,0.021912554278969765,0.0
1216,0.29156848788261414,10.717045083642006,0.15445518493652344,0.5,0.02189139649271965,0.0
1217,0.2929001748561859,10.788251996040344,0.1542702466249466,0.5,0.02186986431479454,0.0
1218,0.2932058870792389,10.808203563094139,0.15408363938331604,0.5,0.02184852957725525,0.0
1219,0.2927640974521637,10.791058450937271,0.1538858860731125,0.5,0.021827029064297676,0.0
1220,0.29316475987434387,10.815821900963783,0.15369665622711182,0.5,0.021807193756103516,0.0
1221,0.2922308146953583,10.772648200392723,0.15355569124221802,0.5,0.021789714694023132,0.0
1222,0.291450172662735,10.736511424183846,0.15343987941741943,0.5,0.0217747762799263,0.0
1223,0.2921208441257477,10.772970363497734,0.15332287549972534,0.5,0.021760234609246254,0.0
1224,0.29200291633605957,10.769384488463402,0.1532304584980011,0.5,0.02174721471965313,0.0
1225,0.29126036167144775,10.73461027443409,0.15313629806041718,0.5,0.02173427678644657,0.0
1226,0.2926541566848755,10.806288212537766,0.15305675566196442,0.5,0.02172248624265194,0.0
1227,0.2915576100349426,10.75347751379013,0.1529761105775833,0.5,0.021709714084863663,0.0
1228,0.2919146716594696,10.77376201748848,0.15287885069847107,0.5,0.021695859730243683,0.0
1229,0.29197070002555847,10.77903836965561,0.15277987718582153,0.5,0.02168170176446438,0.0
1230,0.29161277413368225,10.763315111398697,0.15269295871257782,0.5,0.021667534485459328,0.0
1231,0.29218176007270813,10.79379814863205,0.15261158347129822,0.5,0.021652381867170334,0.0
1232,0.29158854484558105,10.766645908355713,0.15251123905181885,0.5,0.021636491641402245,0.0
1233,0.2919154465198517,10.785381868481636,0.15241561830043793,0.5,0.02162056230008602,0.0
1234,0.2920631766319275,10.794677421450615,0.15233927965164185,0.5,0.021605459973216057,0.0
1235,0.29167044162750244,10.775506809353828,0.15232065320014954,0.5,0.021593913435935974,0.0
1236,0.29146188497543335,10.7650815397501,0.1523205041885376,0.5,0.021584106609225273,0.0
1237,0.2906947731971741,10.726844400167465,0.15231575071811676,0.5,0.02157697267830372,0.0
1238,0.29098811745643616,10.74002306163311,0.15237529575824738,0.5,0.02157443016767502,0.0
1239,0.29095932841300964,10.736486598849297,0.15245921909809113,0.5,0.021573804318904877,0.0
1240,0.29119476675987244,10.745967403054237,0.1525508463382721,0.5,0.02157493308186531,0.0
1241,0.29203054308891296,10.785584941506386,0.15263769030570984,0.5,0.02157583273947239,0.0
1242,0.2919258177280426,10.778579220175743,0.15270847082138062,0.5,0.02157660201191902,0.0
1243,0.29134291410446167,10.748672634363174,0.15273889899253845,0.5,0.021576102823019028,0.0
1244,0.29101407527923584,10.732302755117416,0.15273602306842804,0.5,0.021573558449745178,0.0
1245,0.29173147678375244,10.76922895014286,0.15269377827644348,0.5,0.02156885899603367,0.0
1246,0.29255378246307373,10.81274488568306,0.15259774029254913,0.5,0.0215618759393692,0.0
1247,0.2913266718387604,10.7541933208704,0.15248560905456543,0.5,0.021552566438913345,0.0
1248,0.2918217182159424,10.782359570264816,0.152349054813385,0.5,0.02154025249183178,0.0
1249,0.29114070534706116,10.751825049519539,0.15220841765403748,0.5,0.021526388823986053,0.0
1250,0.29101884365081787,10.749061271548271,0.15207523107528687,0.5,0.0215123500674963,0.0
1251,0.29065924882888794,10.734537690877914,0.15193699300289154,0.5,0.021497586742043495,0.0
1252,0.29112955927848816,10.76168666779995,0.15179164707660675,0.5,0.021482471376657486,0.0
1253,0.2904348075389862,10.731293812394142,0.1516178548336029,0.5,0.02146487683057785,0.0
1254,0.29049718379974365,10.738816007971764,0.15144169330596924,0.5,0.021446114405989647,0.0
1255,0.2913949489593506,10.788439467549324,0.15125232934951782,0.5,0.021426904946565628,0.0
1256,0.2903003692626953,10.738123714923859,0.15107575058937073,0.5,0.021407604217529297,0.0
1257,0.29062366485595703,10.7591103464365,0.15088289976119995,0.5,0.02138712629675865,0.0
1258,0.2899821996688843,10.732418730854988,0.15066763758659363,0.5,0.021364759653806686,0.0
1259,0.2907170057296753,10.7749924659729,0.15043434500694275,0.5,0.021341469138860703,0.0
1260,0.28925418853759766,10.707958742976189,0.15019002556800842,0.5,0.021318344399333,0.0
1261,0.28958660364151,10.731091693043709,0.14992958307266235,0.5,0.021293234080076218,0.0
1262,0.28962966799736023,10.740080758929253,0.14965613186359406,0.5,0.02126726321876049,0.0
1263,0.2894521951675415,10.738124996423721,0.14937938749790192,0.5,0.02123989537358284,0.0
1264,0.28955891728401184,10.749953478574753,0.14911971986293793,0.5,0.021212687715888023,0.0
1265,0.28996625542640686,10.777328252792358,0.14883938431739807,0.5,0.021184897050261497,0.0
1266,0.28979337215423584,10.77589961886406,0.14855077862739563,0.5,0.02115583047270775,0.0
1267,0.28872233629226685,10.72982819378376,0.14825156331062317,0.5,0.021125150844454765,0.0
1268,0.2894584536552429,10.774102240800858,0.1479528546333313,0.5,0.021094048395752907,0.0
1269,0.2899916470050812,10.803982377052307,0.1478239893913269,0.5,0.021074749529361725,0.0
1270,0.2891969084739685,10.757552683353424,0.14809171855449677,0.5,0.021086419001221657,0.0
1271,0.28860968351364136,10.714238598942757,0.14864979684352875,0.5,0.021124139428138733,0.0
1272,0.2900153398513794,10.766840755939484,0.14935705065727234,0.5,0.02118016593158245,0.0
1273,0.2911713421344757,10.804684445261955,0.15015530586242676,0.5,0.02124963328242302,0.0
1274,0.29015302658081055,10.73074358701706,0.1510762870311737,0.5,0.021330151706933975,0.0
1275,0.29174143075942993,10.7866440564394,0.15201707184314728,0.5,0.021417416632175446,0.0
1276,0.29117655754089355,10.735390618443489,0.15293750166893005,0.5,0.02150702103972435,0.0
1277,0.2928910553455353,10.799685761332512,0.15379469096660614,0.5,0.021596333011984825,0.0
1278,0.29265323281288147,10.767560452222824,0.15460404753684998,0.5,0.021683504804968834,0.0
1279,0.2933995723724365,10.786627471446991,0.15533408522605896,0.5,0.021768299862742424,0.0
1280,0.293956995010376,10.798048168420792,0.1559920310974121,0.5,0.021848078817129135,0.0
1281,0.29405856132507324,10.788660317659378,0.1565706729888916,0.5,0.02192135713994503,0.0
1282,0.29403427243232727,10.774813264608383,0.15707600116729736,0.5,0.021988632157444954,0.0
1283,0.29506582021713257,10.813281044363976,0.15760040283203125,0.5,0.022054197266697884,0.0
1284,0.2947406768798828,10.784158647060394,0.1581149846315384,0.5,0.022117286920547485,0.0
1285,0.2946065664291382,10.765645191073418,0.15858733654022217,0.5,0.022177869454026222,0.0
1286,0.29600751399993896,10.823642686009407,0.15906929969787598,0.5,0.022236714139580727,0.0
1287,0.2963852882385254,10.831432551145554,0.15951329469680786,0.5,0.02229200303554535,0.0
1288,0.2958396077156067,10.794899195432663,0.1598832905292511,0.5,0.022342009469866753,0.0
1289,0.2953994870185852,10.764865592122078,0.16020438075065613,0.5,0.02238754741847515,0.0
1290,0.2972683608531952,10.85201495885849,0.160456120967865,0.5,0.02242879942059517,0.0
1291,0.29627725481987,10.796591132879257,0.16069087386131287,0.5,0.02246645838022232,0.0
1292,0.29648739099502563,10.802103146910667,0.16089069843292236,0.5,0.02250053733587265,0.0
1293,0.2961682677268982,10.781964361667633,0.16105793416500092,0.5,0.022530093789100647,0.0
1294,0.2966575622558594,10.802997082471848,0.1611952781677246,0.5,0.022555002942681313,0.0
1295,0.2962559163570404,10.779717832803726,0.16132313013076782,0.5,0.022577470168471336,0.0
1296,0.2965705394744873,10.793403923511505,0.16140490770339966,0.5,0.022596511989831924,0.0
1297,0.2966080605983734,10.79420131444931,0.16144804656505585,0.5,0.02261262759566307,0.0
1298,0.29621753096580505,10.773676097393036,0.16148804128170013,0.5,0.022626595571637154,0.0
1299,0.29661211371421814,10.79289261996746,0.16150854527950287,0.5,0.02263553999364376,0.0
1300,0.296979695558548,10.810572668910027,0.16153648495674133,0.5,0.022644078359007835,0.0
1301,0.2973319888114929,10.827207908034325,0.16157570481300354,0.5,0.022652197629213333,0.0
1302,0.2970030903816223,10.810262709856033,0.16159570217132568,0.5,0.022658921778202057,0.0
1303,0.29632073640823364,10.77622140944004,0.16159260272979736,0.5,0.02266368456184864,0.0
1304,0.29673194885253906,10.79794704914093,0.161545991897583,0.5,0.022665444761514664,0.0
1305,0.29547324776649475,10.736367672681808,0.16149179637432098,0.5,0.02266182191669941,0.0
1306,0.2972283363342285,10.824135392904282,0.16149121522903442,0.5,0.022662455216050148,0.0
1307,0.29655805230140686,10.789298489689827,0.16154417395591736,0.5,0.022667409852147102,0.0
1308,0.296514630317688,10.784759059548378,0.16163888573646545,0.5,0.02267373539507389,0.0
1309,0.29670894145965576,10.791240260004997,0.16176822781562805,0.5,0.022683849558234215,0.0
1310,0.29671305418014526,10.787570923566818,0.16192324459552765,0.5,0.022696111351251602,0.0
1311,0.2976362705230713,10.82584336400032,0.16223883628845215,0.5,0.022722499445080757,0.0
1312,0.29800498485565186,10.833682507276535,0.16266268491744995,0.5,0.022758303210139275,0.0
1313,0.29782140254974365,10.812250286340714,0.163152813911438,0.5,0.02280016615986824,0.0
1314,0.29807841777801514,10.813059344887733,0.16363441944122314,0.5,0.0228447113186121,0.0
1315,0.29775214195251465,10.785309374332428,0.16409188508987427,0.5,0.022889748215675354,0.0
1316,0.2983435392379761,10.804346427321434,0.1645132154226303,0.5,0.022933706641197205,0.0
1317,0.29922860860824585,10.839250937104225,0.1648871898651123,0.5,0.022975774481892586,0.0
1318,0.29954713582992554,10.847051233053207,0.1652122437953949,0.5,0.023015394806861877,0.0
1319,0.29861196875572205,10.793195381760597,0.1654961109161377,0.5,0.023051990196108818,0.0
1320,0.29923972487449646,10.81876054406166,0.16572901606559753,0.5,0.02308488078415394,0.0
1321,0.299294650554657,10.81662018597126,0.16592445969581604,0.5,0.023113980889320374,0.0
1322,0.2993796765804291,10.817308023571968,0.16606703400611877,0.5,0.023138659074902534,0.0
1323,0.29843178391456604,10.767978891730309,0.16614441573619843,0.5,0.023157790303230286,0.0
1324,0.29828742146492004,10.760158002376556,0.16616849601268768,0.5,0.023171141743659973,0.0
1325,0.29866090416908264,10.779077753424644,0.16615872085094452,0.5,0.023180661723017693,0.0
1326,0.29909777641296387,10.802297428250313,0.16610369086265564,0.5,0.023186080157756805,0.0
1327,0.2980245351791382,10.750933423638344,0.1660117208957672,0.5,0.02318742498755455,0.0
1328,0.29831773042678833,10.768654927611351,0.16588926315307617,0.5,0.023185772821307182,0.0
1329,0.2991199493408203,10.81227594614029,0.16574886441230774,0.5,0.023180779069662094,0.0
1330,0.2975865602493286,10.739474773406982,0.1655941605567932,0.5,0.02317425049841404,0.0
1331,0.2973441481590271,10.731923162937164,0.16541138291358948,0.5,0.023165015503764153,0.0
1332,0.29879453778266907,10.810046643018723,0.16518722474575043,0.5,0.023152943700551987,0.0
1333,0.2981381416320801,10.783237710595131,0.1649467945098877,0.5,0.02313879504799843,0.0
1334,0.29754838347435,10.760301306843758,0.1646847277879715,0.5,0.02312202751636505,0.0
1335,0.2980702519416809,10.7931147813797,0.16441595554351807,0.5,0.023103944957256317,0.0
1336,0.29787296056747437,10.7901162058115,0.1641412377357483,0.5,0.0230852160602808,0.0
1337,0.29780012369155884,10.793337345123291,0.16386675834655762,0.5,0.023065201938152313,0.0
1338,0.29670417308807373,10.745153531432152,0.16360221803188324,0.5,0.023044802248477936,0.0
1339,0.2968616187572479,10.759280905127525,0.16335201263427734,0.5,0.02302473597228527,0.0
1340,0.297492116689682,10.797047182917595,0.16310235857963562,0.5,0.023003868758678436,0.0
1341,0.2970890402793884,10.783683449029922,0.16283077001571655,0.5,0.02298162318766117,0.0
1342,0.29587826132774353,10.729918286204338,0.16255977749824524,0.5,0.02295932173728943,0.0
1343,0.2969701290130615,10.791442424058914,0.1622825562953949,0.5,0.022935574874281883,0.0
1344,0.29614201188087463,10.757249623537064,0.16199404001235962,0.5,0.022911472246050835,0.0
1345,0.29696160554885864,10.80584292113781,0.16168949007987976,0.5,0.02288730815052986,0.0
1346,0.29624590277671814,10.777370363473892,0.16139698028564453,0.5,0.022863371297717094,0.0
1347,0.2954815924167633,10.746452629566193,0.16110508143901825,0.5,0.02283865585923195,0.0
1348,0.2951878011226654,10.738674223423004,0.1608286201953888,0.5,0.022814452648162842,0.0
1349,0.29603928327560425,10.787364810705185,0.1605839729309082,0.5,0.02279139682650566,0.0
1350,0.2958122789859772,10.781881585717201,0.1603493094444275,0.5,0.022769229486584663,0.0
1351,0.2953173816204071,10.762434050440788,0.16013740003108978,0.5,0.022746646776795387,0.0
1352,0.2950022518634796,10.751696810126305,0.15993665158748627,0.5,0.022725200280547142,0.0
1353,0.2958076596260071,10.796460822224617,0.15975691378116608,0.5,0.02270556055009365,0.0
1354,0.2953909635543823,10.780415520071983,0.159565269947052,0.5,0.02268548309803009,0.0
1355,0.2950620651245117,10.769069761037827,0.1593613475561142,0.5,0.022664276883006096,0.0
1356,0.29431211948394775,10.737004324793816,0.15914404392242432,0.5,0.022642461583018303,0.0
1357,0.2949477434158325,10.774328127503395,0.15892237424850464,0.5,0.022619852796196938,0.0
1358,0.29472076892852783,10.76943552494049,0.15866407752037048,0.5,0.022594664245843887,0.0
1359,0.2939178943634033,10.73630379140377,0.15838363766670227,0.5,0.022567814216017723,0.0
1360,0.2939705550670624,10.745760768651962,0.15811067819595337,0.5,0.02254101075232029,0.0
1361,0.2943495512008667,10.77056348323822,0.15787655115127563,0.5,0.02251633070409298,0.0
1362,0.292981892824173,10.707356795668602,0.15766951441764832,0.5,0.02249363251030445,0.0
1363,0.2939278483390808,10.759324625134468,0.15748269855976105,0.5,0.022472238168120384,0.0
1364,0.29346615076065063,10.739718064665794,0.1573435664176941,0.5,0.022453054785728455,0.0
1365,0.2935646176338196,10.747894629836082,0.1572134792804718,0.5,0.022434672340750694,0.0
1366,0.2937173843383789,10.758910194039345,0.15707838535308838,0.5,0.022416288033127785,0.0
1367,0.29432153701782227,10.698131889104843,0.16071781516075134,0.5,0.022599298506975174,0.0
1368,0.29844850301742554,10.74712336063385,0.1670120805501938,0.5,0.02301105298101902,0.0
1369,0.30266350507736206,10.776437476277351,0.17426951229572296,0.5,0.023580148816108704,0.0
1370,0.3066152334213257,10.786668613553047,0.1817636787891388,0.5,0.024251233786344528,0.0
1371,0.31102192401885986,10.823896035552025,0.18908798694610596,0.5,0.024982605129480362,0.0
1372,0.314924418926239,10.845499902963638,0.19602885842323303,0.5,0.025741299614310265,0.0
1373,0.3198721706867218,10.93136814236641,0.20248961448669434,0.5,0.026503238826990128,0.0
1374,0.3231038451194763,10.944563493132591,0.20842517912387848,0.5,0.02725137025117874,0.0
1375,0.3255547881126404,10.931934133172035,0.21383222937583923,0.5,0.02797296643257141,0.0
1376,0.32759737968444824,10.912287712097168,0.2187032401561737,0.5,0.028659546747803688,0.0
1377,0.33030569553375244,10.93813244998455,0.22308610379695892,0.5,0.02930665761232376,0.0
1378,0.3308262228965759,10.866500183939934,0.22699245810508728,0.5,0.029910264536738396,0.0
1379,0.3335840106010437,10.917103067040443,0.23048391938209534,0.5,0.030468415468931198,0.0
