epoch,total_loss,text_loss,tv_loss,tv_weight,l2_loss,l2_weight
0,0.5788828134536743,12.268934190273285,0.6670082807540894,0.5,0.08302603662014008,0.0
1,0.5737316608428955,12.24926707148552,0.6574926376342773,0.5,0.0814698338508606,0.0
2,0.570759117603302,12.285876363515854,0.6500831842422485,0.5,0.08030029386281967,0.0
3,0.5663248300552368,12.252072885632515,0.6425667405128479,0.5,0.07912373542785645,0.0
4,0.5619927048683167,12.227576658129692,0.6348823308944702,0.5,0.07793251425027847,0.0
5,0.5589303374290466,12.257020950317383,0.6275798082351685,0.5,0.0767919197678566,0.0
6,0.5543400049209595,12.21368819475174,0.6201324462890625,0.5,0.07563669979572296,0.0
7,0.5512334704399109,12.240084260702133,0.6128635406494141,0.5,0.07451710104942322,0.0
8,0.5462204217910767,12.16731533408165,0.6057482957839966,0.5,0.07342710345983505,0.0
9,0.5439823269844055,12.22382515668869,0.5990116596221924,0.5,0.07240065932273865,0.0
10,0.5403066277503967,12.204463094472885,0.5924347639083862,0.5,0.07140981405973434,0.0
11,0.5375977158546448,12.232419356703758,0.5858986377716064,0.5,0.0704348161816597,0.0
12,0.5334936380386353,12.19090449810028,0.5793510675430298,0.5,0.06946483254432678,0.0
13,0.5310081839561462,12.228029683232307,0.5728951692581177,0.5,0.06851512938737869,0.0
14,0.526617169380188,12.167552679777145,0.5665322542190552,0.5,0.06758742779493332,0.0
15,0.5239216089248657,12.190378591418266,0.5602281093597412,0.5,0.06667600572109222,0.0
16,0.5206670761108398,12.184367671608925,0.5539594888687134,0.5,0.0657743290066719,0.0
17,0.5181625485420227,12.214194923639297,0.5477572679519653,0.5,0.06488864123821259,0.0
18,0.5150458812713623,12.209369018673897,0.5417169332504272,0.5,0.06403032690286636,0.0
19,0.5116889476776123,12.191643550992012,0.5357121825218201,0.5,0.06318264454603195,0.0
20,0.5088717937469482,12.198911383748055,0.5297871828079224,0.5,0.062348682433366776,0.0
21,0.5050221681594849,12.153072908520699,0.5239214897155762,0.5,0.06152868643403053,0.0
22,0.502213716506958,12.156888082623482,0.5181519389152527,0.5,0.060726046562194824,0.0
23,0.49935394525527954,12.157198175787926,0.5124199390411377,0.5,0.05993245914578438,0.0
24,0.49719637632369995,12.191990584135056,0.5067131519317627,0.5,0.059147536754608154,0.0
25,0.49400970339775085,12.1746975928545,0.5010315179824829,0.5,0.05837151035666466,0.0
26,0.48999810218811035,12.114402279257774,0.4954201281070709,0.5,0.05760955810546875,0.0
27,0.4888942837715149,12.198476195335388,0.4898495078086853,0.5,0.05685720592737198,0.0
28,0.4851866662502289,12.151378571987152,0.48431819677352905,0.5,0.056113410741090775,0.0
29,0.4830392599105835,12.180678009986877,0.47885140776634216,0.5,0.055379468947649,0.0
30,0.4804261326789856,12.186316311359406,0.4733996093273163,0.5,0.05465249344706535,0.0
31,0.47756803035736084,12.175343334674835,0.46812236309051514,0.5,0.05395309254527092,0.0
32,0.47420161962509155,12.13713538646698,0.46291783452033997,0.5,0.053266577422618866,0.0
33,0.47147223353385925,12.129275515675545,0.45777344703674316,0.5,0.05258976295590401,0.0
34,0.46984928846359253,12.17392772436142,0.45274144411087036,0.5,0.0519322045147419,0.0
35,0.4669190049171448,12.151083424687386,0.44779467582702637,0.5,0.05128781870007515,0.0
36,0.46459662914276123,12.156612500548363,0.4429287910461426,0.5,0.050658147782087326,0.0
37,0.46237921714782715,12.165965303778648,0.4381198287010193,0.5,0.05003928393125534,0.0
38,0.460297167301178,12.180320531129837,0.4333815276622772,0.5,0.04943278431892395,0.0
39,0.4581708312034607,12.190257996320724,0.4287313222885132,0.5,0.0488433800637722,0.0
40,0.4545283317565918,12.122972443699837,0.42413777112960815,0.5,0.04826474189758301,0.0
41,0.4529978036880493,12.157957434654236,0.4196772873401642,0.5,0.047710053622722626,0.0
42,0.45019811391830444,12.128456950187683,0.4152579605579376,0.5,0.04716138914227486,0.0
43,0.44815975427627563,12.135092124342918,0.4109157919883728,0.5,0.04662437364459038,0.0
44,0.4462301731109619,12.145472586154938,0.40664142370224,0.5,0.04609692469239235,0.0
45,0.44457703828811646,12.168298974633217,0.40242213010787964,0.5,0.045578330755233765,0.0
46,0.44290316104888916,12.186996892094612,0.39832648634910583,0.5,0.04507635161280632,0.0
47,0.4404544234275818,12.165849685668945,0.39427489042282104,0.5,0.04458263888955116,0.0
48,0.43819111585617065,12.151981458067894,0.39030295610427856,0.5,0.04410324990749359,0.0
49,0.43597257137298584,12.138193160295486,0.3864173889160156,0.5,0.043632905930280685,0.0
50,0.43400174379348755,12.135014086961746,0.3826029300689697,0.5,0.04317266866564751,0.0
51,0.432048499584198,12.131826534867287,0.3788239657878876,0.5,0.042719170451164246,0.0
52,0.43050020933151245,12.147414162755013,0.3751038610935211,0.5,0.04227319732308388,0.0
53,0.42761725187301636,12.095025599002838,0.37143343687057495,0.5,0.04183419421315193,0.0
54,0.42730385065078735,12.169671460986137,0.3678207993507385,0.5,0.04140297323465347,0.0
55,0.42536497116088867,12.161778628826141,0.3642588257789612,0.5,0.04098037630319595,0.0
56,0.42296501994132996,12.129861578345299,0.36073556542396545,0.5,0.040563520044088364,0.0
57,0.42138615250587463,12.138247564435005,0.3572424054145813,0.5,0.04015175998210907,0.0
58,0.419060081243515,12.10878074169159,0.3537689447402954,0.5,0.03974355012178421,0.0
59,0.4178474247455597,12.133054837584496,0.35037264227867126,0.5,0.03934693709015846,0.0
60,0.415360689163208,12.092220887541771,0.3470325171947479,0.5,0.038958437740802765,0.0
61,0.41403210163116455,12.108564361929893,0.3437216281890869,0.5,0.038574401289224625,0.0
62,0.41293326020240784,12.134740501642227,0.3404769003391266,0.5,0.03819524496793747,0.0
63,0.4112812876701355,12.132029429078102,0.33728140592575073,0.5,0.037822142243385315,0.0
64,0.40886908769607544,12.090163975954056,0.33413165807724,0.5,0.03745462745428085,0.0
65,0.40764814615249634,12.106117635965347,0.33105161786079407,0.5,0.037097636610269547,0.0
66,0.40591201186180115,12.095527604222298,0.3280029296875,0.5,0.03674401342868805,0.0
67,0.4049462676048279,12.122597604990005,0.32498860359191895,0.5,0.03639524057507515,0.0
68,0.40335196256637573,12.117573291063309,0.32200101017951965,0.5,0.036050181835889816,0.0
69,0.40276920795440674,12.161777451634407,0.3190673589706421,0.5,0.035714197903871536,0.0
70,0.3999488949775696,12.091579496860504,0.31623464822769165,0.5,0.03538892790675163,0.0
71,0.3991856575012207,12.12165729701519,0.31350499391555786,0.5,0.035075973719358444,0.0
72,0.39752858877182007,12.105967685580254,0.31081846356391907,0.5,0.034768350422382355,0.0
73,0.39597630500793457,12.094037190079689,0.30819112062454224,0.5,0.034467730671167374,0.0
74,0.395199179649353,12.119841277599335,0.3056046664714813,0.5,0.03417395427823067,0.0
75,0.3937514126300812,12.111453652381897,0.3030446767807007,0.5,0.03388563171029091,0.0
76,0.39259639382362366,12.117282927036285,0.3005014657974243,0.5,0.03360062092542648,0.0
77,0.3916637599468231,12.132585272192955,0.29802411794662476,0.5,0.03332476317882538,0.0
78,0.3898283839225769,12.101714804768562,0.2955881357192993,0.5,0.033053286373615265,0.0
79,0.3886815309524536,12.104514628648758,0.29318249225616455,0.5,0.032786089926958084,0.0
80,0.38716641068458557,12.088252037763596,0.2908027470111847,0.5,0.032521769404411316,0.0
81,0.385103702545166,12.044200330972672,0.28843939304351807,0.5,0.03226008266210556,0.0
82,0.38419753313064575,12.057541504502296,0.2860933840274811,0.5,0.031999215483665466,0.0
83,0.38383859395980835,12.097178503870964,0.2837900221347809,0.5,0.03174237534403801,0.0
84,0.38197630643844604,12.060350432991982,0.28153860569000244,0.5,0.03148866072297096,0.0
85,0.3817119002342224,12.10208484530449,0.2793404459953308,0.5,0.03123985230922699,0.0
86,0.3802146315574646,12.081359267234802,0.2771748900413513,0.5,0.030993837863206863,0.0
87,0.37946319580078125,12.097607150673866,0.27502208948135376,0.5,0.030748818069696426,0.0
88,0.37830913066864014,12.092951461672783,0.27290016412734985,0.5,0.03051021136343479,0.0
89,0.376882940530777,12.074470266699791,0.2707870602607727,0.5,0.03027411177754402,0.0
90,0.37546074390411377,12.056081146001816,0.2686782479286194,0.5,0.03004024736583233,0.0
91,0.37509235739707947,12.0903100669384,0.26657232642173767,0.5,0.0298078004270792,0.0
92,0.373742938041687,12.074909806251526,0.26448947191238403,0.5,0.029577968642115593,0.0
93,0.3721703290939331,12.048065423965454,0.2624180316925049,0.5,0.029350053519010544,0.0
94,0.3716594874858856,12.07412737607956,0.2603538930416107,0.5,0.02912239171564579,0.0
95,0.3708890676498413,12.086855292320251,0.2583038806915283,0.5,0.02889634110033512,0.0
96,0.36996132135391235,12.091165587306023,0.25627601146698,0.5,0.028671666979789734,0.0
97,0.36941665410995483,12.114077180624008,0.2542702257633209,0.5,0.02844964899122715,0.0
98,0.3681311309337616,12.09943887591362,0.2522847056388855,0.5,0.028229504823684692,0.0
99,0.36650651693344116,12.067389070987701,0.25031745433807373,0.5,0.02801133506000042,0.0
100,0.36630314588546753,12.10580526292324,0.2483740895986557,0.5,0.02779700979590416,0.0
101,0.36471307277679443,12.074166148900986,0.24645954370498657,0.5,0.027585331350564957,0.0
102,0.3640846014022827,12.090077117085457,0.24456611275672913,0.5,0.027376089245080948,0.0
103,0.36283496022224426,12.074493899941444,0.24269016087055206,0.5,0.02716817893087864,0.0
104,0.3613539934158325,12.046925753355026,0.24083098769187927,0.5,0.026962533593177795,0.0
105,0.36166825890541077,12.107970297336578,0.23901768028736115,0.5,0.02675396017730236,0.0
106,0.36028897762298584,12.080745786428452,0.23734809458255768,0.5,0.026560194790363312,0.0
107,0.3591492176055908,12.063499718904495,0.23575842380523682,0.5,0.026372231543064117,0.0
108,0.3580830693244934,12.049164712429047,0.23419956862926483,0.5,0.02618926577270031,0.0
109,0.3579498827457428,12.081211343407631,0.23265132308006287,0.5,0.026011480018496513,0.0
110,0.35727471113204956,12.084106534719467,0.23118513822555542,0.5,0.025839822366833687,0.0
111,0.35592564940452576,12.051545962691307,0.22978946566581726,0.5,0.025674622505903244,0.0
112,0.3567562997341156,12.126970827579498,0.2284337431192398,0.5,0.025513580068945885,0.0
113,0.35491377115249634,12.066880092024803,0.22715234756469727,0.5,0.025359373539686203,0.0
114,0.35332536697387695,12.018886104226112,0.2258952558040619,0.5,0.02521035633981228,0.0
115,0.3525855541229248,12.013420701026917,0.22463425993919373,0.5,0.025062736123800278,0.0
116,0.3515324592590332,11.992649734020233,0.22335892915725708,0.5,0.024918584153056145,0.0
117,0.3509104549884796,11.993251159787178,0.22209088504314423,0.5,0.02477525919675827,0.0
118,0.3502708673477173,11.990557938814163,0.2209194004535675,0.5,0.02463882975280285,0.0
119,0.3487790822982788,11.943047493696213,0.2198362648487091,0.5,0.024510124698281288,0.0
120,0.34713014960289,11.886547908186913,0.21879836916923523,0.5,0.0243849977850914,0.0
121,0.34700682759284973,11.905789852142334,0.21778206527233124,0.5,0.024264734238386154,0.0
122,0.3472829759120941,11.94522039592266,0.216757133603096,0.5,0.02414790913462639,0.0
123,0.34670597314834595,11.942222654819489,0.21572300791740417,0.5,0.02403346076607704,0.0
124,0.3459967374801636,11.93308375775814,0.21467015147209167,0.5,0.023920195177197456,0.0
125,0.34450384974479675,11.885580092668533,0.21358448266983032,0.5,0.02380617894232273,0.0
126,0.3434745669364929,11.861788377165794,0.21247757971286774,0.5,0.023692840710282326,0.0
127,0.343065470457077,11.869335025548935,0.21135753393173218,0.5,0.023578397929668427,0.0
128,0.34159180521965027,11.824024066329002,0.21022266149520874,0.5,0.02346297912299633,0.0
129,0.3403162658214569,11.78916585445404,0.20906588435173035,0.5,0.023346994072198868,0.0
130,0.34128180146217346,11.866738647222519,0.20789407193660736,0.5,0.023230643942952156,0.0
131,0.3399573862552643,11.8296619951725,0.2067282795906067,0.5,0.023115195333957672,0.0
132,0.3389401435852051,11.807510301470757,0.20557990670204163,0.5,0.022998817265033722,0.0
133,0.33746278285980225,11.761366575956345,0.2044709324836731,0.5,0.022881202399730682,0.0
134,0.33769431710243225,11.798086643218994,0.20346516370773315,0.5,0.022768544033169746,0.0
135,0.33742523193359375,11.807675004005432,0.2025434374809265,0.5,0.022661294788122177,0.0
136,0.33709168434143066,11.812860280275345,0.20166894793510437,0.5,0.02255861461162567,0.0
137,0.3359350860118866,11.776742771267891,0.20080043375492096,0.5,0.022460022941231728,0.0
138,0.3350481688976288,11.754034459590912,0.1999349594116211,0.5,0.0223641749471426,0.0
139,0.33490198850631714,11.767574921250343,0.19910098612308502,0.5,0.022271865978837013,0.0
140,0.3339107036590576,11.739145666360855,0.1982555389404297,0.5,0.022180218249559402,0.0
141,0.3338107466697693,11.755582422018051,0.19739821553230286,0.5,0.02208961546421051,0.0
142,0.33257290720939636,11.715461924672127,0.19652733206748962,0.5,0.022000383585691452,0.0
143,0.3322913348674774,11.723742619156837,0.1956329643726349,0.5,0.02191152609884739,0.0
144,0.33174145221710205,11.718420803546906,0.19474607706069946,0.5,0.021822599694132805,0.0
145,0.3301830291748047,11.662373304367065,0.1938711702823639,0.5,0.021736813709139824,0.0
146,0.3301659822463989,11.682565435767174,0.19302934408187866,0.5,0.021653220057487488,0.0
147,0.32870686054229736,11.630066215991974,0.19221103191375732,0.5,0.021570267155766487,0.0
148,0.3283328115940094,11.628553032875061,0.1915234923362732,0.5,0.02149130403995514,0.0
149,0.3273720145225525,11.595080152153969,0.19094082713127136,0.5,0.021422427147626877,0.0
150,0.32749560475349426,11.614732295274734,0.19040191173553467,0.5,0.021359311416745186,0.0
151,0.3255501985549927,11.53091686964035,0.18986371159553528,0.5,0.02129915915429592,0.0
152,0.32568055391311646,11.551014691591263,0.18932056427001953,0.5,0.02124127931892872,0.0
153,0.32390815019607544,11.476489618420601,0.18875667452812195,0.5,0.021184472367167473,0.0
154,0.3236638307571411,11.479162618517876,0.18816116452217102,0.5,0.021127911284565926,0.0
155,0.32328882813453674,11.475363001227379,0.18756310641765594,0.5,0.021072281524538994,0.0
156,0.3247324824333191,11.562414303421974,0.18696841597557068,0.5,0.021024249494075775,0.0
157,0.32133749127388,11.407734915614128,0.18636557459831238,0.5,0.020977957174181938,0.0
158,0.32170534133911133,11.442023605108261,0.1857297718524933,0.5,0.020930098369717598,0.0
159,0.32098111510276794,11.422268733382225,0.18507146835327148,0.5,0.02088273875415325,0.0
160,0.32046476006507874,11.413588255643845,0.1843859851360321,0.5,0.020833896473050117,0.0
161,0.3199769854545593,11.406466975808144,0.18369528651237488,0.5,0.020784661173820496,0.0
162,0.31889426708221436,11.370210573077202,0.18298009037971497,0.5,0.020733632147312164,0.0
163,0.31843823194503784,11.365441381931305,0.18225881457328796,0.5,0.020680846646428108,0.0
164,0.31746846437454224,11.335188031196594,0.18152937293052673,0.5,0.020627394318580627,0.0
165,0.315794438123703,11.269777834415436,0.1807977557182312,0.5,0.02057294361293316,0.0
166,0.31661680340766907,11.329400539398193,0.1800575703382492,0.5,0.020515717566013336,0.0
167,0.3155720829963684,11.293926820158958,0.17938712239265442,0.5,0.02046734094619751,0.0
168,0.3159763813018799,11.328689157962799,0.17880523204803467,0.5,0.020423583686351776,0.0
169,0.3156500458717346,11.325633376836777,0.17827478051185608,0.5,0.020385349169373512,0.0
170,0.31542903184890747,11.32723255455494,0.1777687519788742,0.5,0.020349746569991112,0.0
171,0.3149082064628601,11.311864167451859,0.17734183371067047,0.5,0.02032206580042839,0.0
172,0.3135356307029724,11.252220809459686,0.17698243260383606,0.5,0.020301036536693573,0.0
173,0.3134630620479584,11.257070988416672,0.1766432821750641,0.5,0.020286008715629578,0.0
174,0.3130165934562683,11.243055045604706,0.17631101608276367,0.5,0.02027430385351181,0.0
175,0.3124062716960907,11.220556005835533,0.17599031329154968,0.5,0.020263174548745155,0.0
176,0.31175339221954346,11.19603131711483,0.17566551268100739,0.5,0.020254099741578102,0.0
177,0.311929851770401,11.213145419955254,0.1753338724374771,0.5,0.020244693383574486,0.0
178,0.3119502663612366,11.22308586537838,0.174977108836174,0.5,0.020231356844305992,0.0
179,0.3109382688999176,11.181817516684532,0.17460386455059052,0.5,0.020216744393110275,0.0
180,0.31119656562805176,11.205103978514671,0.17418895661830902,0.5,0.020198442041873932,0.0
181,0.3096637725830078,11.139915749430656,0.17373093962669373,0.5,0.020177237689495087,0.0
182,0.3105626702308655,11.197674036026001,0.17321833968162537,0.5,0.020151961594820023,0.0
183,0.3090254068374634,11.134112283587456,0.17268633842468262,0.5,0.020123792812228203,0.0
184,0.3092575669288635,11.159503370523453,0.17213496565818787,0.5,0.020092997699975967,0.0
185,0.30752116441726685,11.087067067623138,0.1715596318244934,0.5,0.02006138116121292,0.0
186,0.3068982660770416,11.070531815290451,0.17097526788711548,0.5,0.020025933161377907,0.0
187,0.3080749809741974,11.143797934055328,0.1703980565071106,0.5,0.01998990774154663,0.0
188,0.30784156918525696,11.145973831415176,0.16984418034553528,0.5,0.0199557077139616,0.0
189,0.3061700761318207,11.076167583465576,0.16929346323013306,0.5,0.01992020383477211,0.0
190,0.30682989954948425,11.123391151428223,0.1687241494655609,0.5,0.019882911816239357,0.0
191,0.3059641420841217,11.094404801726341,0.1681520938873291,0.5,0.019845932722091675,0.0
192,0.30507922172546387,11.064860999584198,0.1675640344619751,0.5,0.01980696991086006,0.0
193,0.30510213971138,11.081186771392822,0.1669567972421646,0.5,0.01976645737886429,0.0
194,0.30545106530189514,11.113852769136429,0.16634802520275116,0.5,0.019725700840353966,0.0
195,0.305052787065506,11.108769029378891,0.16575482487678528,0.5,0.01968449354171753,0.0
196,0.3042776584625244,11.084916085004807,0.16515865921974182,0.5,0.019642099738121033,0.0
197,0.3034459352493286,11.058255046606064,0.1645616590976715,0.5,0.019599588587880135,0.0
198,0.3039492666721344,11.098559886217117,0.1639561504125595,0.5,0.019554341211915016,0.0
199,0.30250710248947144,11.041976049542427,0.1633351594209671,0.5,0.019507059827446938,0.0
200,0.302847683429718,11.07360877096653,0.1627509891986847,0.5,0.019465791061520576,0.0
201,0.30310994386672974,11.09972283244133,0.1622309684753418,0.5,0.019431399181485176,0.0
202,0.30215752124786377,11.064063787460327,0.16175249218940735,0.5,0.019399048760533333,0.0
203,0.30183982849121094,11.059889391064644,0.16128408908843994,0.5,0.019370274618268013,0.0
204,0.301893413066864,11.074343785643578,0.1608130782842636,0.5,0.019341275095939636,0.0
205,0.3021996021270752,11.100987568497658,0.16035974025726318,0.5,0.019313830882310867,0.0
206,0.30010566115379333,11.007877707481384,0.15989622473716736,0.5,0.019286008551716805,0.0
207,0.3003041744232178,11.029771476984024,0.15941745042800903,0.5,0.01925705187022686,0.0
208,0.3008667230606079,11.070403784513474,0.15891730785369873,0.5,0.019227750599384308,0.0
209,0.29975882172584534,11.027337968349457,0.15842412412166595,0.5,0.019198045134544373,0.0
210,0.2985653877258301,10.980212435126305,0.15792229771614075,0.5,0.019167175516486168,0.0
211,0.29918068647384644,11.023422285914421,0.15742450952529907,0.5,0.019134145230054855,0.0
212,0.2985137701034546,11.001966461539268,0.15694889426231384,0.5,0.019100181758403778,0.0
213,0.29849857091903687,11.01301258802414,0.1564766764640808,0.5,0.019065985456109047,0.0
214,0.29837340116500854,11.018760338425636,0.15599635243415833,0.5,0.01903008110821247,0.0
215,0.29790040850639343,11.00716458261013,0.15551425516605377,0.5,0.01899692229926586,0.0
216,0.297698974609375,11.008587539196014,0.1550544798374176,0.5,0.018963245674967766,0.0
217,0.29633280634880066,10.951474323868752,0.1546066403388977,0.5,0.018928568810224533,0.0
218,0.29806268215179443,11.048796772956848,0.15417346358299255,0.5,0.018894154578447342,0.0
219,0.2970752716064453,11.009985700249672,0.15375109016895294,0.5,0.018859436735510826,0.0
220,0.29523420333862305,10.928858637809753,0.15331408381462097,0.5,0.018823418766260147,0.0
221,0.29584357142448425,10.970442160964012,0.15286944806575775,0.5,0.01878582313656807,0.0
222,0.29537051916122437,10.95767292380333,0.1524341106414795,0.5,0.01874842494726181,0.0
223,0.2953324317932129,10.96634604036808,0.15201106667518616,0.5,0.01870986633002758,0.0
224,0.29373013973236084,10.896718308329582,0.15159150958061218,0.5,0.018671326339244843,0.0
225,0.2932375967502594,10.882924303412437,0.15115821361541748,0.5,0.01863189786672592,0.0
226,0.2939220666885376,10.92854817211628,0.15070220828056335,0.5,0.018591053783893585,0.0
227,0.29236331582069397,10.862460479140282,0.15022818744182587,0.5,0.01854773983359337,0.0
228,0.29338955879211426,10.925601914525032,0.14975504577159882,0.5,0.018504401668906212,0.0
229,0.29298052191734314,10.917520478367805,0.14926022291183472,0.5,0.018459945917129517,0.0
230,0.29301971197128296,10.933092415332794,0.14871573448181152,0.5,0.018414631485939026,0.0
231,0.29201388359069824,10.896721631288528,0.14815890789031982,0.5,0.018369700759649277,0.0
232,0.29005300998687744,10.813373103737831,0.14757107198238373,0.5,0.018323710188269615,0.0
233,0.290891170501709,10.869748935103416,0.14699237048625946,0.5,0.018275463953614235,0.0
234,0.29022109508514404,10.851019963622093,0.14640139043331146,0.5,0.01822548732161522,0.0
235,0.2891177535057068,10.810938820242882,0.1457979530096054,0.5,0.01817319728434086,0.0
236,0.2897270619869232,10.856470331549644,0.14519530534744263,0.5,0.018120862543582916,0.0
237,0.29019469022750854,10.893874198198318,0.1446343958377838,0.5,0.01807105727493763,0.0
238,0.28943610191345215,10.868581384420395,0.1441289186477661,0.5,0.018023231998085976,0.0
239,0.28778275847435,10.797986298799515,0.14364606142044067,0.5,0.017976492643356323,0.0
240,0.28811460733413696,10.8266431838274,0.1431635022163391,0.5,0.017932046204805374,0.0
241,0.28808751702308655,10.837853714823723,0.14266088604927063,0.5,0.017886178568005562,0.0
242,0.2874535024166107,10.81920312345028,0.14213885366916656,0.5,0.017840251326560974,0.0
243,0.28769126534461975,10.844187319278717,0.14161501824855804,0.5,0.017794659361243248,0.0
244,0.2870706021785736,10.826211646199226,0.14109273254871368,0.5,0.017750253900885582,0.0
245,0.28643330931663513,10.808230340480804,0.14053741097450256,0.5,0.01770341582596302,0.0
246,0.2864450216293335,10.822939917445183,0.1399724781513214,0.5,0.017655031755566597,0.0
247,0.2859817147254944,10.813555181026459,0.13942119479179382,0.5,0.017606114968657494,0.0
248,0.28552502393722534,10.804541900753975,0.1388683319091797,0.5,0.01755639538168907,0.0
249,0.28410857915878296,10.74770900607109,0.1383087933063507,0.5,0.017507746815681458,0.0
250,0.2839447855949402,10.753685921430588,0.13774210214614868,0.5,0.017458831891417503,0.0
251,0.28440576791763306,10.790996998548508,0.1371716558933258,0.5,0.017409302294254303,0.0
252,0.28375086188316345,10.773051902651787,0.13657963275909424,0.5,0.01735854521393776,0.0
253,0.28307318687438965,10.75330065190792,0.13601434230804443,0.5,0.01730743609368801,0.0
254,0.28284329175949097,10.75580421090126,0.1354544460773468,0.5,0.017256474122405052,0.0
255,0.2820029854774475,10.727566361427307,0.13490331172943115,0.5,0.0172058567404747,0.0
256,0.2820532023906708,10.743562743067741,0.13436390459537506,0.5,0.017155123874545097,0.0
257,0.2819966673851013,10.754277020692825,0.1338222622871399,0.5,0.01710367202758789,0.0
258,0.28062117099761963,10.699056550860405,0.13328008353710175,0.5,0.017050446942448616,0.0
259,0.2811194062232971,10.737549796700478,0.13273683190345764,0.5,0.01699802279472351,0.0
260,0.2811249792575836,10.751705080270767,0.13218176364898682,0.5,0.01694513112306595,0.0
261,0.2802795171737671,10.723163694143295,0.1316325068473816,0.5,0.0168920811265707,0.0
262,0.27993661165237427,10.71967563033104,0.13108618557453156,0.5,0.01683816686272621,0.0
263,0.2799445688724518,10.733973890542984,0.1305301934480667,0.5,0.016783736646175385,0.0
264,0.2783206105232239,10.66616676747799,0.12999457120895386,0.5,0.016730573028326035,0.0
265,0.2794315218925476,10.73461639881134,0.12947840988636017,0.5,0.016677021980285645,0.0
266,0.27874401211738586,10.712793305516243,0.12897628545761108,0.5,0.016622394323349,0.0
267,0.2786865234375,10.721682921051979,0.12850573658943176,0.5,0.016569465398788452,0.0
268,0.28038740158081055,10.818198651075363,0.12804685533046722,0.5,0.016516806557774544,0.0
269,0.27842605113983154,10.729767873883247,0.12766140699386597,0.5,0.01646711491048336,0.0
270,0.2789613902568817,10.764984995126724,0.12732340395450592,0.5,0.016421951353549957,0.0
271,0.27875491976737976,10.762476205825806,0.1270107924938202,0.5,0.01638014242053032,0.0
272,0.27852869033813477,10.759024873375893,0.12669637799263,0.5,0.016339832916855812,0.0
273,0.2782204747200012,10.751740574836731,0.1263713389635086,0.5,0.016300644725561142,0.0
274,0.27897611260414124,10.798243165016174,0.12602248787879944,0.5,0.016261691227555275,0.0
275,0.27646470069885254,10.681554526090622,0.1256672441959381,0.5,0.016222206875681877,0.0
276,0.277321457862854,10.733048677444458,0.12532097101211548,0.5,0.01618366688489914,0.0
277,0.27670782804489136,10.710640132427216,0.12499001622200012,0.5,0.01614553853869438,0.0
278,0.2766168415546417,10.714605152606964,0.12464948743581772,0.5,0.0161079503595829,0.0
279,0.2755146026611328,10.6645787358284,0.1244460865855217,0.5,0.016077764332294464,0.0
280,0.2752978801727295,10.655235052108765,0.12438638508319855,0.5,0.016056690365076065,0.0
281,0.27548015117645264,10.664378702640533,0.12438514083623886,0.5,0.016041455790400505,0.0
282,0.2748025059700012,10.629593566060066,0.12442129850387573,0.5,0.01602970063686371,0.0
283,0.2766498327255249,10.720864608883858,0.12446507811546326,0.5,0.016021806746721268,0.0
284,0.2750043570995331,10.637776017189026,0.1244976669549942,0.5,0.016016602516174316,0.0
285,0.27456986904144287,10.615409210324287,0.1245233416557312,0.5,0.016013287007808685,0.0
286,0.2734919786453247,10.561960220336914,0.12450551986694336,0.5,0.01600884087383747,0.0
287,0.2732159197330475,10.549324303865433,0.12445890158414841,0.5,0.016003988683223724,0.0
288,0.2724793553352356,10.514677286148071,0.12437164783477783,0.5,0.01599746383726597,0.0
289,0.27369019389152527,10.578028976917267,0.12425921112298965,0.5,0.015989599749445915,0.0
290,0.2725304961204529,10.523435026407242,0.12412358820438385,0.5,0.01597936451435089,0.0
291,0.27359241247177124,10.58036544919014,0.12397019565105438,0.5,0.015966078266501427,0.0
292,0.27356892824172974,10.583222836256027,0.12380895018577576,0.5,0.015951650217175484,0.0
293,0.2723848223686218,10.528653770685196,0.12362352013587952,0.5,0.01593509502708912,0.0
294,0.27234530448913574,10.531824186444283,0.12341764569282532,0.5,0.015917588025331497,0.0
295,0.27233195304870605,10.53701300919056,0.12318339943885803,0.5,0.015897370874881744,0.0
296,0.2728175222873688,10.567785739898682,0.12292361259460449,0.5,0.01587449572980404,0.0
297,0.2728711664676666,10.577418759465218,0.12264559417963028,0.5,0.015851275995373726,0.0
298,0.27162933349609375,10.522437751293182,0.1223611831665039,0.5,0.01582709141075611,0.0
299,0.2710496187210083,10.50056517124176,0.1220766007900238,0.5,0.015802577137947083,0.0
300,0.27132517099380493,10.521087691187859,0.12180685997009277,0.5,0.015778370201587677,0.0
301,0.2716692388057709,10.54502172768116,0.12153759598731995,0.5,0.015754075720906258,0.0
302,0.27181434631347656,10.558445066213608,0.1212908923625946,0.5,0.015730444341897964,0.0
303,0.27169859409332275,10.55799913406372,0.12107717990875244,0.5,0.015706302598118782,0.0
304,0.27169767022132874,10.562743291258812,0.12088563293218613,0.5,0.015682481229305267,0.0
305,0.2704908847808838,10.505934968590736,0.12074437737464905,0.5,0.015662461519241333,0.0
306,0.2720513343811035,10.587139248847961,0.1206171065568924,0.5,0.015644384548068047,0.0
307,0.27146756649017334,10.5544114112854,0.12075868248939514,0.5,0.015644503757357597,0.0
308,0.2719404399394989,10.568579390645027,0.12113772332668304,0.5,0.015662146732211113,0.0
309,0.2721325755119324,10.566266551613808,0.1216145008802414,0.5,0.01569143496453762,0.0
310,0.27215027809143066,10.554327130317688,0.1221274584531784,0.5,0.01573009230196476,0.0
311,0.2728795111179352,10.577930241823196,0.12264178693294525,0.5,0.015774548053741455,0.0
312,0.27286651730537415,10.564876019954681,0.12313799560070038,0.5,0.01582014560699463,0.0
313,0.2741253972053528,10.616576805710793,0.12358773499727249,0.5,0.015866581350564957,0.0
314,0.2729147970676422,10.546156600117683,0.12398332357406616,0.5,0.015911394730210304,0.0
315,0.2737921476364136,10.581249386072159,0.12433430552482605,0.5,0.01595280133187771,0.0
316,0.2737641930580139,10.573053807020187,0.124606192111969,0.5,0.015988437458872795,0.0
317,0.2737758159637451,10.568020388484001,0.12483081221580505,0.5,0.016021771356463432,0.0
318,0.274269700050354,10.588482439517975,0.12500010430812836,0.5,0.016053007915616035,0.0
319,0.2742411494255066,10.58427318930626,0.12511135637760162,0.5,0.016080714762210846,0.0
320,0.27391546964645386,10.567425027489662,0.1251339614391327,0.5,0.016105258837342262,0.0
321,0.2757238447666168,10.655796304345131,0.12521584331989288,0.5,0.016131725162267685,0.0
322,0.27393051981925964,10.564049080014229,0.12529908120632172,0.5,0.016156325116753578,0.0
323,0.2738773822784424,10.559563770890236,0.12537220120429993,0.5,0.0161800067871809,0.0
324,0.27267560362815857,10.498211845755577,0.12542274594306946,0.5,0.016200421378016472,0.0
325,0.2744658589363098,10.587137535214424,0.12544623017311096,0.5,0.016218798235058784,0.0
326,0.275044322013855,10.615858122706413,0.12545432150363922,0.5,0.01623452641069889,0.0
327,0.27312517166137695,10.520694196224213,0.12542256712913513,0.5,0.016247890889644623,0.0
328,0.27454060316085815,10.593195110559464,0.1253533959388733,0.5,0.016258902847766876,0.0
329,0.27301719784736633,10.518664970993996,0.12528780102729797,0.5,0.0162678100168705,0.0
330,0.27581000328063965,10.660348266363144,0.12520605325698853,0.5,0.01627443917095661,0.0
331,0.2735368013381958,10.549411088228226,0.12509718537330627,0.5,0.016277747228741646,0.0
332,0.27247631549835205,10.499927818775177,0.12495553493499756,0.5,0.016277121379971504,0.0
333,0.27208587527275085,10.485474780201912,0.12475275993347168,0.5,0.016272662207484245,0.0
334,0.2720072567462921,10.485153019428253,0.12460841983556747,0.5,0.016265632584691048,0.0
335,0.27398186922073364,10.585536733269691,0.1245422512292862,0.5,0.01625976711511612,0.0
336,0.27124324440956116,10.449487388134003,0.12450695782899857,0.5,0.0162573903799057,0.0
337,0.27232256531715393,10.503390043973923,0.12450956553220749,0.5,0.01625686138868332,0.0
338,0.2750434875488281,10.639031171798706,0.12452571839094162,0.5,0.016256866976618767,0.0
339,0.2721383273601532,10.494107261300087,0.12451235949993134,0.5,0.016256410628557205,0.0
340,0.2728649973869324,10.531430765986443,0.1244727373123169,0.5,0.016257379204034805,0.0
341,0.273082971572876,10.544126808643341,0.12440085411071777,0.5,0.01625727117061615,0.0
342,0.2729697525501251,10.541167795658112,0.12429279088973999,0.5,0.01625462993979454,0.0
343,0.27211254835128784,10.502277001738548,0.12413397431373596,0.5,0.01625174656510353,0.0
344,0.27224472165107727,10.513199642300606,0.1239614486694336,0.5,0.01624753139913082,0.0
345,0.2717059552669525,10.49102333188057,0.12377098947763443,0.5,0.016241660341620445,0.0
346,0.27111268043518066,10.465652376413345,0.12359929084777832,0.5,0.01623663492500782,0.0
347,0.27125316858291626,10.476892575621605,0.12343060970306396,0.5,0.01623147539794445,0.0
348,0.27038341760635376,10.43811883032322,0.12324206531047821,0.5,0.016224712133407593,0.0
349,0.27146849036216736,10.49720685184002,0.12304867804050446,0.5,0.016217010095715523,0.0
350,0.27171745896339417,10.514374658465385,0.12285993993282318,0.5,0.016209157183766365,0.0
351,0.2712123692035675,10.493919789791107,0.12266792356967926,0.5,0.01620136946439743,0.0
352,0.2705894112586975,10.46763564646244,0.12247341871261597,0.5,0.01619182713329792,0.0
353,0.2694794535636902,10.416941463947296,0.1222812682390213,0.5,0.016182916238904,0.0
354,0.2706356644630432,10.479908362030983,0.12207500636577606,0.5,0.016172237694263458,0.0
355,0.27032026648521423,10.469838127493858,0.12184701859951019,0.5,0.01615898683667183,0.0
356,0.26988789439201355,10.455067753791809,0.12157311290502548,0.5,0.016142234206199646,0.0
357,0.27071473002433777,10.503424867987633,0.12129248678684235,0.5,0.016123322769999504,0.0
358,0.2700381875038147,10.477174952626228,0.12098941206932068,0.5,0.016102731227874756,0.0
359,0.2680286169052124,10.384549111127853,0.1206752359867096,0.5,0.016081662848591805,0.0
360,0.26811492443084717,10.3970927298069,0.12034609913825989,0.5,0.016058621928095818,0.0
361,0.2695467472076416,10.476614594459534,0.12002889811992645,0.5,0.01603422500193119,0.0
362,0.26738637685775757,10.376253426074982,0.11972258985042572,0.5,0.016011010855436325,0.0
363,0.2673378884792328,10.380883917212486,0.11944039165973663,0.5,0.01599104143679142,0.0
364,0.2677476704120636,10.408410206437111,0.11915891617536545,0.5,0.01597082056105137,0.0
365,0.2688087522983551,10.468877211213112,0.11886242032051086,0.5,0.015949033200740814,0.0
366,0.26871734857559204,10.471901699900627,0.11855863034725189,0.5,0.0159261766821146,0.0
367,0.26654231548309326,10.37064215540886,0.11825898289680481,0.5,0.015901925042271614,0.0
368,0.26720336079597473,10.411077231168747,0.11796365678310394,0.5,0.01587674394249916,0.0
369,0.2662680745124817,10.371505081653595,0.11767596006393433,0.5,0.015852291136980057,0.0
370,0.26631486415863037,10.380415707826614,0.11741308122873306,0.5,0.015828317031264305,0.0
371,0.2662220597267151,10.38202080130577,0.11716328561306,0.5,0.015805425122380257,0.0
372,0.2655489146709442,10.3546923995018,0.11691011488437653,0.5,0.015783043578267097,0.0
373,0.2650279700756073,10.33540016412735,0.11663992702960968,0.5,0.015759563073515892,0.0
374,0.2662948668003082,10.405272081494331,0.11637885868549347,0.5,0.015735473483800888,0.0
375,0.26499637961387634,10.346350520849228,0.11613874137401581,0.5,0.01571216993033886,0.0
376,0.2655031383037567,10.377328664064407,0.11591313779354095,0.5,0.015690309926867485,0.0
377,0.2645553946495056,10.334091991186142,0.1157471165060997,0.5,0.015670230612158775,0.0
378,0.2653301954269409,10.37694077193737,0.11558274924755096,0.5,0.015651950612664223,0.0
379,0.26411622762680054,10.319894418120384,0.11543667316436768,0.5,0.015634912997484207,0.0
380,0.26534798741340637,10.384514391422272,0.11531538516283035,0.5,0.015620195306837559,0.0
381,0.26541000604629517,10.390348479151726,0.1152060478925705,0.5,0.015606347471475601,0.0
382,0.26503700017929077,10.375019177794456,0.11507324874401093,0.5,0.01559219229966402,0.0
383,0.2659286558628082,10.42346541583538,0.11491870135068893,0.5,0.015576425939798355,0.0
384,0.26438772678375244,10.350186824798584,0.11476793885231018,0.5,0.015561419539153576,0.0
385,0.26557254791259766,10.413805574178696,0.11459288001060486,0.5,0.015545512549579144,0.0
386,0.2654702663421631,10.413677513599396,0.1143934354186058,0.5,0.01552874967455864,0.0
387,0.265264630317688,10.409451320767403,0.11415118724107742,0.5,0.015509297139942646,0.0
388,0.2629166543483734,10.29808695614338,0.11390984058380127,0.5,0.015489189885556698,0.0
389,0.2650420665740967,10.410840824246407,0.11365048587322235,0.5,0.01546800322830677,0.0
390,0.2643962800502777,10.385634958744049,0.11336717754602432,0.5,0.015443922951817513,0.0
391,0.26348644495010376,10.347495749592781,0.11307305842638016,0.5,0.015418938361108303,0.0
392,0.26495182514190674,10.428226664662361,0.11277459561824799,0.5,0.015391673892736435,0.0
393,0.2633817493915558,10.357160180807114,0.11247710138559341,0.5,0.015362492762506008,0.0
394,0.2640756368637085,10.399375632405281,0.11217621713876724,0.5,0.015334268100559711,0.0
395,0.26246219873428345,10.325676754117012,0.1118972897529602,0.5,0.015310932882130146,0.0
396,0.26263031363487244,10.336457446217537,0.11180231720209122,0.5,0.015293515287339687,0.0
397,0.2622939348220825,10.319809824228287,0.11179547011852264,0.5,0.015281430445611477,0.0
398,0.26223334670066833,10.314717546105385,0.11187799274921417,0.5,0.015278554521501064,0.0
399,0.2627885639667511,10.338273257017136,0.11204621195793152,0.5,0.015279962681233883,0.0
400,0.2628989517688751,10.339338064193726,0.11222434788942337,0.5,0.015282399021089077,0.0
401,0.26245132088661194,10.312982499599457,0.11238335818052292,0.5,0.015287580899894238,0.0
402,0.261644184589386,10.26872532069683,0.11253932118415833,0.5,0.015291540883481503,0.0
403,0.2621883153915405,10.291735485196114,0.11270718276500702,0.5,0.015296164900064468,0.0
404,0.2628319561481476,10.31990334391594,0.11286775767803192,0.5,0.015301642008125782,0.0
405,0.26403820514678955,10.376876652240753,0.11300131678581238,0.5,0.015307711437344551,0.0
406,0.2619881331920624,10.272015184164047,0.11309568583965302,0.5,0.015311296097934246,0.0
407,0.26244276762008667,10.293896302580833,0.11312970519065857,0.5,0.01531161367893219,0.0
408,0.26190003752708435,10.266878873109818,0.11312489211559296,0.5,0.01531025767326355,0.0
409,0.26170361042022705,10.258801713585854,0.11305513978004456,0.5,0.01530765276402235,0.0
410,0.26250049471855164,10.301661193370819,0.11293452978134155,0.5,0.015303336083889008,0.0
411,0.26198771595954895,10.279792353510857,0.11278374493122101,0.5,0.015294697135686874,0.0
412,0.2621399462223053,10.289232909679413,0.11271058022975922,0.5,0.01528927218168974,0.0
413,0.26174190640449524,10.267645090818405,0.11277801543474197,0.5,0.015290566720068455,0.0
414,0.2622000277042389,10.287652537226677,0.11289392411708832,0.5,0.01529640518128872,0.0
415,0.2628229856491089,10.314856588840485,0.11305170506238937,0.5,0.0153056550770998,0.0
416,0.2622673511505127,10.282288238406181,0.11324319243431091,0.5,0.01531760860234499,0.0
417,0.2637234330177307,10.349742129445076,0.11345716565847397,0.5,0.015330197289586067,0.0
418,0.26204660534858704,10.261306881904602,0.11364094913005829,0.5,0.015344385989010334,0.0
419,0.2622585594654083,10.268052712082863,0.11379502713680267,0.5,0.015357748605310917,0.0
420,0.26342788338661194,10.323590323328972,0.1139121800661087,0.5,0.015370940789580345,0.0
421,0.2632128894329071,10.311020284891129,0.11398495733737946,0.5,0.015381286852061749,0.0
422,0.2634900212287903,10.324472978711128,0.11400115489959717,0.5,0.015388566069304943,0.0
423,0.26212745904922485,10.25728164613247,0.11396364122629166,0.5,0.015392419882118702,0.0
424,0.26212525367736816,10.259203866124153,0.11388234794139862,0.5,0.015394220128655434,0.0
425,0.26108497381210327,10.21059826016426,0.11374598741531372,0.5,0.015392502769827843,0.0
426,0.26141098141670227,10.231648802757263,0.11355597525835037,0.5,0.015388832427561283,0.0
427,0.26214736700057983,10.273267313838005,0.1133640706539154,0.5,0.015383366495370865,0.0
428,0.26073965430259705,10.208321124315262,0.11314643919467926,0.5,0.015374326147139072,0.0
429,0.260342001914978,10.19525308907032,0.11287389695644379,0.5,0.015361874364316463,0.0
430,0.2604145109653473,10.205486312508583,0.11260955035686493,0.5,0.015347895212471485,0.0
431,0.2617189288139343,10.277302771806717,0.11234574019908905,0.5,0.015332572162151337,0.0
432,0.2603437304496765,10.214800417423248,0.11209547519683838,0.5,0.015315097756683826,0.0
433,0.26156359910964966,10.281986474990845,0.11184770613908768,0.5,0.015296319499611855,0.0
434,0.26222851872444153,10.321374639868736,0.1116020530462265,0.5,0.015276530757546425,0.0
435,0.2594555616378784,10.189229428768158,0.11134195327758789,0.5,0.015255744569003582,0.0
436,0.2597970962524414,10.213402643799782,0.1110580712556839,0.5,0.015232838690280914,0.0
437,0.25883162021636963,10.17204986512661,0.11078125983476639,0.5,0.015208706259727478,0.0
438,0.2598477602005005,10.230345025658607,0.11048169434070587,0.5,0.015185306780040264,0.0
439,0.25848791003227234,10.169974610209465,0.11017682403326035,0.5,0.015162242576479912,0.0
440,0.2587491273880005,10.190926045179367,0.10986125469207764,0.5,0.015137329697608948,0.0
441,0.25780487060546875,10.15117247402668,0.10956287384033203,0.5,0.015114047564566135,0.0
442,0.25860241055488586,10.199246570467949,0.10923495888710022,0.5,0.0150901535525918,0.0
443,0.2592906951904297,10.241985112428665,0.1089019775390625,0.5,0.015066049061715603,0.0
444,0.2569829225540161,10.133623287081718,0.10862088203430176,0.5,0.015041113831102848,0.0
445,0.25834813714027405,10.20827467739582,0.10836531221866608,0.5,0.015017625875771046,0.0
446,0.25767555832862854,10.180194094777107,0.1081433817744255,0.5,0.01499590091407299,0.0
447,0.25757795572280884,10.180700644850731,0.10792785882949829,0.5,0.014973528683185577,0.0
448,0.2561907470226288,10.117338746786118,0.10768792778253555,0.5,0.014951201155781746,0.0
449,0.257916659116745,10.209477499127388,0.10745420306921005,0.5,0.014929993078112602,0.0
450,0.2565520405769348,10.146683782339096,0.10723671317100525,0.5,0.014910400845110416,0.0
451,0.25628912448883057,10.138993665575981,0.10701848566532135,0.5,0.014890509657561779,0.0
452,0.2562418282032013,10.141998082399368,0.10680372267961502,0.5,0.01487111859023571,0.0
453,0.2570416033267975,10.186403512954712,0.10662707686424255,0.5,0.014853022992610931,0.0
454,0.2560480237007141,10.14113962650299,0.10645046830177307,0.5,0.014835968613624573,0.0
455,0.25700873136520386,10.193654328584671,0.10627131164073944,0.5,0.01481885090470314,0.0
456,0.2563001215457916,10.161738634109497,0.1061306893825531,0.5,0.0148026617243886,0.0
457,0.2561374008655548,10.156103640794754,0.1060306578874588,0.5,0.014788258820772171,0.0
458,0.2565670609474182,10.178999364376068,0.10597416758537292,0.5,0.014778879471123219,0.0
459,0.2555868327617645,10.130578964948654,0.1059505045413971,0.5,0.014771618880331516,0.0
460,0.2552590072154999,10.114709228277206,0.10592962801456451,0.5,0.014766328036785126,0.0
461,0.2571314573287964,10.208533123135567,0.10592159628868103,0.5,0.01475964393466711,0.0
462,0.2552765905857086,10.116933658719063,0.10587587207555771,0.5,0.014752191491425037,0.0
463,0.2561573088169098,10.162409231066704,0.1058182418346405,0.5,0.014744345098733902,0.0
464,0.2543378472328186,10.073340892791748,0.10574206709861755,0.5,0.014735983684659004,0.0
465,0.25649821758270264,10.182398304343224,0.10570047050714493,0.5,0.014728967100381851,0.0
466,0.25560086965560913,10.137985706329346,0.10568228363990784,0.5,0.014723858796060085,0.0
467,0.2556069493293762,10.139101311564445,0.10564988851547241,0.5,0.014719976112246513,0.0
468,0.25448378920555115,10.084608286619186,0.10558323562145233,0.5,0.01471629273146391,0.0
469,0.2573072612285614,10.228099942207336,0.1054905503988266,0.5,0.014711194671690464,0.0
470,0.25583821535110474,10.156455636024475,0.10541819036006927,0.5,0.014706992544233799,0.0
471,0.2540997266769409,10.07105067372322,0.10535740852355957,0.5,0.014703468419611454,0.0
472,0.25586986541748047,10.16080179810524,0.10530763864517212,0.5,0.01470027957111597,0.0
473,0.25454041361808777,10.095812186598778,0.1052483469247818,0.5,0.014695682562887669,0.0
474,0.25494086742401123,10.116842672228813,0.10520800948143005,0.5,0.014693396165966988,0.0
475,0.2545683979988098,10.099370583891869,0.10516199469566345,0.5,0.014689795672893524,0.0
476,0.25488877296447754,10.116408199071884,0.10512124001979828,0.5,0.014686696231365204,0.0
477,0.2542232275009155,10.08386905491352,0.10509172081947327,0.5,0.014681553468108177,0.0
478,0.254342257976532,10.090458706021309,0.10506618022918701,0.5,0.014675423502922058,0.0
479,0.2528008222579956,10.01477687060833,0.10501058399677277,0.5,0.014668806456029415,0.0
480,0.25490447878837585,10.122234836220741,0.10491953045129776,0.5,0.014661450870335102,0.0
481,0.2546049654483795,10.109807059168816,0.10481767356395721,0.5,0.014652775600552559,0.0
482,0.2537490725517273,10.070027753710747,0.10469706356525421,0.5,0.014642875641584396,0.0
483,0.2541024088859558,10.09146673977375,0.10454617440700531,0.5,0.014629892073571682,0.0
484,0.2538045346736908,10.080874472856522,0.10437408089637756,0.5,0.014616542495787144,0.0
485,0.2523280382156372,10.011443957686424,0.10419832170009613,0.5,0.014602724462747574,0.0
486,0.25302666425704956,10.050540655851364,0.10403171181678772,0.5,0.014588907361030579,0.0
487,0.2537325322628021,10.090338751673698,0.10385154187679291,0.5,0.014575213193893433,0.0
488,0.25178319215774536,9.99800631403923,0.10364613682031631,0.5,0.014560091309249401,0.0
489,0.25193291902542114,10.011113330721855,0.10342127084732056,0.5,0.01454255823045969,0.0
490,0.2520744800567627,10.024371609091759,0.1031741052865982,0.5,0.01452643983066082,0.0
491,0.2526094317436218,10.05682572722435,0.10294581949710846,0.5,0.014510373584926128,0.0
492,0.2501232624053955,9.938316091895103,0.10271386802196503,0.5,0.014493623748421669,0.0
493,0.25210607051849365,10.042407736182213,0.1025158166885376,0.5,0.014478646218776703,0.0
494,0.2505844831466675,9.970801010727882,0.10233691334724426,0.5,0.014465044252574444,0.0
495,0.25107985734939575,10.000263795256615,0.10214915871620178,0.5,0.014450948685407639,0.0
496,0.25346940755844116,10.12422163784504,0.10196997225284576,0.5,0.014437774196267128,0.0
497,0.25241032242774963,10.075573205947876,0.10179771482944489,0.5,0.014423110522329807,0.0
498,0.25129371881484985,10.023702472448349,0.10163930803537369,0.5,0.014407504349946976,0.0
499,0.25014057755470276,9.969231322407722,0.1015118956565857,0.5,0.014393500052392483,0.0
500,0.25186118483543396,10.056970804929733,0.10144354403018951,0.5,0.014379539526998997,0.0
501,0.25073233246803284,10.00154723227024,0.10140280425548553,0.5,0.014368652366101742,0.0
502,0.2495962381362915,9.944143489003181,0.10142674297094345,0.5,0.014358697459101677,0.0
503,0.25162720680236816,10.04392758011818,0.10149729251861572,0.5,0.014352438040077686,0.0
504,0.2514326870441437,10.032124012708664,0.101580411195755,0.5,0.014348668977618217,0.0
505,0.2507687211036682,9.99756906926632,0.1016346663236618,0.5,0.01434510201215744,0.0
506,0.25052791833877563,9.983751013875008,0.10170578956604004,0.5,0.014343108981847763,0.0
507,0.2504265308380127,9.976917371153831,0.10177634656429291,0.5,0.014341195113956928,0.0
508,0.25079312920570374,9.994046166539192,0.10182438790798187,0.5,0.01433878019452095,0.0
509,0.24957600235939026,9.932125523686409,0.10186698287725449,0.5,0.014338499866425991,0.0
510,0.2506786584854126,9.986760899424553,0.10188683867454529,0.5,0.01433685701340437,0.0
511,0.24981679022312164,9.943914666771889,0.10187700390815735,0.5,0.014334185048937798,0.0
512,0.2503660321235657,9.97294408082962,0.10181432962417603,0.5,0.014328296296298504,0.0
513,0.25141817331314087,10.028252452611923,0.10170622169971466,0.5,0.014319945126771927,0.0
514,0.25079432129859924,10.000270053744316,0.10157787054777145,0.5,0.01431068405508995,0.0
515,0.2514612078666687,10.037264868617058,0.10143183171749115,0.5,0.01429973915219307,0.0
516,0.2491079568862915,9.923387572169304,0.10128041356801987,0.5,0.014288386330008507,0.0
517,0.24918043613433838,9.931075513362885,0.10111786425113678,0.5,0.014275986701250076,0.0
518,0.251049280166626,10.02882020175457,0.10094572603702545,0.5,0.014262757264077663,0.0
519,0.25029170513153076,9.995124205946922,0.10077840834856033,0.5,0.014250383712351322,0.0
520,0.24968066811561584,9.968640923500061,0.10061569511890411,0.5,0.014238261617720127,0.0
521,0.24942156672477722,9.960046917200089,0.10044124722480774,0.5,0.01422423217445612,0.0
522,0.25058668851852417,10.022674292325974,0.10026642680168152,0.5,0.01420956663787365,0.0
523,0.24945923686027527,9.971320495009422,0.10006563365459442,0.5,0.014195156283676624,0.0
524,0.24894607067108154,9.951107755303383,0.09984783828258514,0.5,0.014178937301039696,0.0
525,0.2479260116815567,9.905913516879082,0.09961548447608948,0.5,0.014161123894155025,0.0
526,0.249202162027359,9.976108863949776,0.09935994446277618,0.5,0.01414226833730936,0.0
527,0.24897460639476776,9.971814259886742,0.09907662868499756,0.5,0.014120281673967838,0.0
528,0.24817045032978058,9.93851925432682,0.09880012273788452,0.5,0.014097440056502819,0.0
529,0.24773995578289032,9.923567160964012,0.09853723645210266,0.5,0.014074649661779404,0.0
530,0.24802160263061523,9.94376426935196,0.09829266369342804,0.5,0.014051542617380619,0.0
531,0.24770119786262512,9.933864504098892,0.09804783761501312,0.5,0.014028998091816902,0.0
532,0.24706284701824188,9.908052697777748,0.09780359268188477,0.5,0.014006354846060276,0.0
533,0.24748313426971436,9.934939488768578,0.09756867587566376,0.5,0.013984261080622673,0.0
534,0.24678097665309906,9.905194953083992,0.09735414385795593,0.5,0.013963082805275917,0.0
535,0.2477530539035797,9.959182262420654,0.09713881462812424,0.5,0.013940494507551193,0.0
536,0.2484273612499237,9.998592674732208,0.0969109982252121,0.5,0.013918159529566765,0.0
537,0.24607717990875244,9.886195257306099,0.09670655429363251,0.5,0.01389659196138382,0.0
538,0.2466234266757965,9.918284520506859,0.0965154841542244,0.5,0.013875611126422882,0.0
539,0.2467540204524994,9.929521143436432,0.09632718563079834,0.5,0.01385364681482315,0.0
540,0.24812760949134827,10.002616733312607,0.09615053236484528,0.5,0.013831498101353645,0.0
541,0.24627549946308136,9.913832232356071,0.09599772095680237,0.5,0.013810859993100166,0.0
542,0.24621132016181946,9.913714468479156,0.09587407112121582,0.5,0.013791108503937721,0.0
543,0.24744218587875366,9.978002458810806,0.09576426446437836,0.5,0.013773186132311821,0.0
544,0.24553430080413818,9.885418638586998,0.09565187990665436,0.5,0.01375605445355177,0.0
545,0.245466947555542,9.885340750217438,0.09552024304866791,0.5,0.013738514855504036,0.0
546,0.24625420570373535,9.928773939609528,0.09535746276378632,0.5,0.01371998805552721,0.0
547,0.24581170082092285,9.911442682147026,0.0951656848192215,0.5,0.013699745759367943,0.0
548,0.24581943452358246,9.916861191391945,0.0949644148349762,0.5,0.013677877373993397,0.0
549,0.24796298146247864,10.028014063835144,0.09480539709329605,0.5,0.013659514486789703,0.0
550,0.24646075069904327,9.95645946264267,0.0946631133556366,0.5,0.013643168844282627,0.0
551,0.24548041820526123,9.910921707749367,0.09452395886182785,0.5,0.013627074658870697,0.0
552,0.24569450318813324,9.925225108861923,0.09437999874353409,0.5,0.013611914590001106,0.0
553,0.2460767775774002,9.946239560842514,0.09430396556854248,0.5,0.013598536141216755,0.0
554,0.24688927829265594,9.987244755029678,0.09428875893354416,0.5,0.013590328395366669,0.0
555,0.24596813321113586,9.94094118475914,0.09429864585399628,0.5,0.013584007509052753,0.0
556,0.2457018792629242,9.927408665418625,0.09430740773677826,0.5,0.01357960607856512,0.0
557,0.24482077360153198,9.883188083767891,0.09431404620409012,0.5,0.013576602563261986,0.0
558,0.24446561932563782,9.865510761737823,0.09431082755327225,0.5,0.013572825118899345,0.0
559,0.24601435661315918,9.943290531635284,0.09429706633090973,0.5,0.013567266054451466,0.0
560,0.2460135519504547,9.944019094109535,0.0942663699388504,0.5,0.013560596853494644,0.0
561,0.2447831928730011,9.883825331926346,0.09421338140964508,0.5,0.013552733696997166,0.0
562,0.245662122964859,9.914450824260712,0.0947461873292923,0.5,0.01356518641114235,0.0
563,0.24619343876838684,9.91923938691616,0.09561728686094284,0.5,0.013599015772342682,0.0
564,0.2458193451166153,9.876408830285072,0.0965823233127594,0.5,0.013645997270941734,0.0
565,0.24857285618782043,9.990185678005219,0.09753827750682831,0.5,0.013704589568078518,0.0
566,0.24750152230262756,9.913826316595078,0.09844999015331268,0.5,0.013767680153250694,0.0
567,0.24882906675338745,9.959553584456444,0.09927597641944885,0.5,0.013831375166773796,0.0
568,0.2474336326122284,9.871843591332436,0.09999354183673859,0.5,0.013893094845116138,0.0
569,0.24882951378822327,9.925192430615425,0.1006513386964798,0.5,0.013952966779470444,0.0
570,0.2507464587688446,10.006565749645233,0.10123030841350555,0.5,0.014007600955665112,0.0
571,0.25068849325180054,9.99085433781147,0.10174278169870377,0.5,0.014060284942388535,0.0
572,0.2498239278793335,9.936763659119606,0.10217730700969696,0.5,0.014110120944678783,0.0
573,0.25175946950912476,10.024725064635277,0.10252995789051056,0.5,0.014155128039419651,0.0
574,0.2513590455055237,9.997721314430237,0.10280927270650864,0.5,0.014194930903613567,0.0
575,0.25080758333206177,9.964700892567635,0.1030271053314209,0.5,0.01423105038702488,0.0
576,0.2517637610435486,10.007407441735268,0.10323123633861542,0.5,0.014262009412050247,0.0
577,0.25180694460868835,10.0053690969944,0.1033991202712059,0.5,0.014291713014245033,0.0
578,0.25104647874832153,9.963994815945625,0.10353317856788635,0.5,0.01431726198643446,0.0
579,0.251414954662323,9.979174211621284,0.10366292297840118,0.5,0.014338403940200806,0.0
580,0.2499258816242218,9.902498453855515,0.10375185310840607,0.5,0.014358039945363998,0.0
581,0.25133320689201355,9.971681609749794,0.10379914939403534,0.5,0.014375678263604641,0.0
582,0.25418901443481445,10.113987803459167,0.10381847620010376,0.5,0.014388972893357277,0.0
583,0.2501032054424286,9.909787252545357,0.10381495207548141,0.5,0.014399589970707893,0.0
584,0.25042325258255005,9.926067784428596,0.10380378365516663,0.5,0.014409864321351051,0.0
585,0.24972878396511078,9.891463190317154,0.10379905253648758,0.5,0.01441874448210001,0.0
586,0.2504814863204956,9.929925963282585,0.10376590490341187,0.5,0.014427141286432743,0.0
587,0.2509152293205261,9.953380078077316,0.10369526594877243,0.5,0.014433242380619049,0.0
588,0.2507290840148926,9.946439027786255,0.1036006510257721,0.5,0.01443681214004755,0.0
589,0.2488383948802948,9.854583486914635,0.10349345207214355,0.5,0.014439108781516552,0.0
590,0.2506502866744995,9.948525220155716,0.10335958003997803,0.5,0.014440077356994152,0.0
591,0.25052621960639954,9.946051433682442,0.10321038961410522,0.5,0.014439824037253857,0.0
592,0.24995699524879456,9.92196361720562,0.10303543508052826,0.5,0.014436796307563782,0.0
593,0.24996909499168396,9.927608370780945,0.10283385962247849,0.5,0.014430869370698929,0.0
594,0.24873659014701843,9.871922075748444,0.10259629786014557,0.5,0.014423823915421963,0.0
595,0.2474638819694519,9.814644247293472,0.10234196484088898,0.5,0.014413727447390556,0.0
596,0.24768424034118652,9.832638904452324,0.10206292569637299,0.5,0.014401756227016449,0.0
597,0.24863089621067047,9.887035697698593,0.10178035497665405,0.5,0.014388351701200008,0.0
598,0.24762827157974243,9.844227448105812,0.10148745775222778,0.5,0.014372948557138443,0.0
599,0.2470805048942566,9.824450850486755,0.1011829823255539,0.5,0.01435646042227745,0.0
600,0.2471092939376831,9.834211707115173,0.10085012018680573,0.5,0.014336995780467987,0.0
601,0.24791303277015686,9.881774678826332,0.10055509209632874,0.5,0.01431519165635109,0.0
602,0.2465772032737732,9.821245983242989,0.10030455887317657,0.5,0.014294714666903019,0.0
603,0.2482776641845703,9.912105083465576,0.10007111728191376,0.5,0.014272754080593586,0.0
604,0.24816954135894775,9.912427693605423,0.09984198212623596,0.5,0.01425092201679945,0.0
605,0.2474062442779541,9.878636956214905,0.0996670052409172,0.5,0.014227841049432755,0.0
606,0.24762432277202606,9.893233925104141,0.0995192751288414,0.5,0.014205614104866982,0.0
607,0.24549506604671478,9.789492651820183,0.09941040724515915,0.5,0.014184477739036083,0.0
608,0.2458665668964386,9.810688734054565,0.09930557012557983,0.5,0.014163842424750328,0.0
609,0.24645139276981354,9.843016505241394,0.0991821363568306,0.5,0.01414435263723135,0.0
610,0.24560102820396423,9.80417950451374,0.0990348607301712,0.5,0.014124789275228977,0.0
611,0.24603483080863953,9.829667285084724,0.09888297319412231,0.5,0.014105619862675667,0.0
612,0.24536444246768951,9.80018699169159,0.09872141480445862,0.5,0.01408679410815239,0.0
613,0.2455228567123413,9.811987400054932,0.0985662192106247,0.5,0.014061512425541878,0.0
614,0.24666644632816315,9.869720742106438,0.09854406118392944,0.5,0.014045647345483303,0.0
615,0.24604125320911407,9.836990907788277,0.09860285371541977,0.5,0.014035972766578197,0.0
616,0.24582695960998535,9.824075639247894,0.09869090467691422,0.5,0.014031925238668919,0.0
617,0.24642989039421082,9.851991310715675,0.09878014028072357,0.5,0.014033254235982895,0.0
618,0.24430076777935028,9.743239089846611,0.09887198358774185,0.5,0.014035695232450962,0.0
619,0.2454800009727478,9.799848556518555,0.0989660769701004,0.5,0.014039704576134682,0.0
620,0.24577653408050537,9.812054350972176,0.09907090663909912,0.5,0.014047111384570599,0.0
621,0.24504129588603973,9.772768214344978,0.09917187690734863,0.5,0.014056695625185966,0.0
622,0.24639663100242615,9.839001521468163,0.0992332249879837,0.5,0.014067158102989197,0.0
623,0.2460179626941681,9.81925781071186,0.09926562011241913,0.5,0.01407687459141016,0.0
624,0.24761372804641724,9.899192839860916,0.09925974905490875,0.5,0.014084418304264545,0.0
625,0.24551944434642792,9.795154556632042,0.09923270344734192,0.5,0.014090214855968952,0.0
626,0.2459913045167923,9.820267513394356,0.09917189925909042,0.5,0.014093437232077122,0.0
627,0.24721139669418335,9.88375897705555,0.09907244145870209,0.5,0.014094464480876923,0.0
628,0.24666692316532135,9.859656259417534,0.09894759207963943,0.5,0.014093567617237568,0.0
629,0.24666382372379303,9.862823709845543,0.0988146960735321,0.5,0.014090112410485744,0.0
630,0.24691882729530334,9.879375785589218,0.0986626148223877,0.5,0.01408383622765541,0.0
631,0.2457582950592041,9.823951303958893,0.09855853021144867,0.5,0.014079122804105282,0.0
632,0.24565139412879944,9.821244671940804,0.09845302999019623,0.5,0.014075285755097866,0.0
633,0.24521519243717194,9.802185237407684,0.09834299236536026,0.5,0.01407175324857235,0.0
634,0.24746151268482208,9.91786789894104,0.09820830821990967,0.5,0.014067098498344421,0.0
635,0.2458483874797821,9.840227633714676,0.09808766096830368,0.5,0.014060596004128456,0.0
636,0.24598614871501923,9.848893135786057,0.09801656007766724,0.5,0.014056732878088951,0.0
637,0.24597696959972382,9.849316835403442,0.09798126667737961,0.5,0.014054233208298683,0.0
638,0.2454405426979065,9.822904780507088,0.09796486794948578,0.5,0.014052244834601879,0.0
639,0.24464377760887146,9.783231109380722,0.09795831143856049,0.5,0.014050723053514957,0.0
640,0.24480974674224854,9.791939571499825,0.09794189035892487,0.5,0.014049602672457695,0.0
641,0.24770976603031158,9.937207370996475,0.09793122857809067,0.5,0.014047671109437943,0.0
642,0.24478039145469666,9.791241094470024,0.09791114926338196,0.5,0.014044731855392456,0.0
643,0.2459777295589447,9.851847231388092,0.09788154065608978,0.5,0.01404169574379921,0.0
644,0.24454791843891144,9.781517207622528,0.09783515334129333,0.5,0.014037277549505234,0.0
645,0.24546745419502258,9.829400032758713,0.0977589339017868,0.5,0.014033729210495949,0.0
646,0.24689096212387085,9.903095066547394,0.09765811264514923,0.5,0.014028511941432953,0.0
647,0.2454696148633957,9.835396811366081,0.09752335399389267,0.5,0.014022971503436565,0.0
648,0.24475157260894775,9.803112536668777,0.09737865626811981,0.5,0.014014432206749916,0.0
649,0.24434894323349,9.786887556314468,0.09722238034009933,0.5,0.014005322940647602,0.0
650,0.2442663311958313,9.786742836236954,0.09706296026706696,0.5,0.0139954574406147,0.0
651,0.2457866221666336,9.866552829742432,0.09691113233566284,0.5,0.013983575627207756,0.0
652,0.2445061206817627,9.806756243109703,0.09674199670553207,0.5,0.013971162959933281,0.0
653,0.24547457695007324,9.85986314713955,0.09655465185642242,0.5,0.013957321643829346,0.0
654,0.24332483112812042,9.757896944880486,0.09633377939462662,0.5,0.01394067145884037,0.0
655,0.24476194381713867,9.836119294166565,0.09607909619808197,0.5,0.013922196812927723,0.0
656,0.24435970187187195,9.822766035795212,0.09580878168344498,0.5,0.013901906087994576,0.0
657,0.244809091091156,9.851874560117722,0.09554320573806763,0.5,0.013881736434996128,0.0
658,0.24594148993492126,9.915012925863266,0.09528246521949768,0.5,0.01386130228638649,0.0
659,0.24433445930480957,9.840622395277023,0.09504400193691254,0.5,0.013842298649251461,0.0
660,0.24335026741027832,9.796848699450493,0.0948265939950943,0.5,0.013823164626955986,0.0
661,0.24385811388492584,9.82745099067688,0.09461820125579834,0.5,0.01380433514714241,0.0
662,0.24378859996795654,9.828837797045708,0.09442368894815445,0.5,0.013787060044705868,0.0
663,0.24351239204406738,9.819802299141884,0.09423269331455231,0.5,0.013770473189651966,0.0
664,0.24407050013542175,9.85254193842411,0.09403933584690094,0.5,0.01375543512403965,0.0
665,0.243448868393898,9.826136335730553,0.09385228902101517,0.5,0.013740714639425278,0.0
666,0.2437576949596405,9.84575891494751,0.09368504583835602,0.5,0.013726276345551014,0.0
667,0.24165065586566925,9.744182378053665,0.09353402256965637,0.5,0.013711638748645782,0.0
668,0.24250094592571259,9.790616869926453,0.09337720274925232,0.5,0.013698666356503963,0.0
669,0.2420535385608673,9.771541446447372,0.09324541687965393,0.5,0.013686184771358967,0.0
670,0.24190327525138855,9.7678212672472,0.09309370815753937,0.5,0.013674534857273102,0.0
671,0.2421312928199768,9.782274752855301,0.09297159314155579,0.5,0.013663681223988533,0.0
672,0.24056458473205566,9.706903994083405,0.09285302460193634,0.5,0.013652215711772442,0.0
673,0.2423781007528305,9.800392597913742,0.0927405059337616,0.5,0.01364106871187687,0.0
674,0.24118566513061523,9.74299505352974,0.09265150129795074,0.5,0.013631337322294712,0.0
675,0.24092531204223633,9.731669649481773,0.09258385002613068,0.5,0.013623185455799103,0.0
676,0.24289555847644806,9.832018345594406,0.09251037240028381,0.5,0.013614648021757603,0.0
677,0.2415667027235031,9.767591133713722,0.0924297496676445,0.5,0.01360662467777729,0.0
678,0.2417759895324707,9.78019705414772,0.09234410524368286,0.5,0.013599799014627934,0.0
679,0.24347378313541412,9.867159232497215,0.09226120263338089,0.5,0.013595566153526306,0.0
680,0.2417309284210205,9.782205745577812,0.09217363595962524,0.5,0.013592727482318878,0.0
681,0.24167445302009583,9.780824959278107,0.09211591631174088,0.5,0.013588701374828815,0.0
682,0.241380512714386,9.766504555940628,0.0921008288860321,0.5,0.013583625666797161,0.0
683,0.24243611097335815,9.81892903149128,0.09211508929729462,0.5,0.013581358827650547,0.0
684,0.24176821112632751,9.785239964723587,0.09212683141231537,0.5,0.013580109924077988,0.0
685,0.24179494380950928,9.7866480499506,0.09212394058704376,0.5,0.01357840932905674,0.0
686,0.24246889352798462,9.820832148194313,0.09210450202226639,0.5,0.013574413023889065,0.0
687,0.24121353030204773,9.758892714977264,0.09207134693861008,0.5,0.013569287024438381,0.0
688,0.2420351654291153,9.800558939576149,0.09204795956611633,0.5,0.013563715852797031,0.0
689,0.24108031392097473,9.753889873623848,0.09200504422187805,0.5,0.01355813629925251,0.0
690,0.2417472004890442,9.788986831903458,0.0919349268078804,0.5,0.013550983741879463,0.0
691,0.2414863407611847,9.777972772717476,0.09185377508401871,0.5,0.013544648885726929,0.0
692,0.24102838337421417,9.757080227136612,0.09177356958389282,0.5,0.013538902625441551,0.0
693,0.241807222366333,9.798283278942108,0.09168310463428497,0.5,0.013534076511859894,0.0
694,0.2425018846988678,9.834900498390198,0.09160774946212769,0.5,0.013530035503208637,0.0
695,0.24193239212036133,9.808142110705376,0.09153907001018524,0.5,0.013528755865991116,0.0
696,0.24066391587257385,9.746089071035385,0.09148426353931427,0.5,0.013527260161936283,0.0
697,0.24144238233566284,9.78624938428402,0.0914347916841507,0.5,0.013526083901524544,0.0
698,0.24030649662017822,9.730808794498444,0.09138067066669464,0.5,0.013524064794182777,0.0
699,0.2419011890888214,9.812278136610985,0.0913112461566925,0.5,0.013519581407308578,0.0
700,0.24156564474105835,9.797962605953217,0.09121279418468475,0.5,0.013514976017177105,0.0
701,0.24097174406051636,9.769915357232094,0.09114690124988556,0.5,0.0135109331458807,0.0
702,0.24151656031608582,9.797949939966202,0.09111510217189789,0.5,0.013509400188922882,0.0
703,0.24052897095680237,9.749131828546524,0.09109266102313995,0.5,0.013509964570403099,0.0
704,0.24026131629943848,9.736530035734177,0.09106144309043884,0.5,0.013510290533304214,0.0
705,0.24183674156665802,9.81650310754776,0.09101337194442749,0.5,0.013508855365216732,0.0
706,0.24212877452373505,9.83291907608509,0.09094077348709106,0.5,0.013506531715393066,0.0
707,0.24173730611801147,9.81595854461193,0.09083625674247742,0.5,0.013502511195838451,0.0
708,0.24221554398536682,9.842336758971214,0.09073759615421295,0.5,0.013498805463314056,0.0
709,0.2412213534116745,9.794884085655212,0.09064733982086182,0.5,0.013495026156306267,0.0
710,0.24139297008514404,9.80486287176609,0.0905914381146431,0.5,0.013489782810211182,0.0
711,0.24094146490097046,9.783519610762596,0.09054213762283325,0.5,0.013484634459018707,0.0
712,0.24146662652492523,9.811088100075722,0.0904897153377533,0.5,0.013479907065629959,0.0
713,0.2420438826084137,9.838829457759857,0.09053458273410797,0.5,0.01347676757723093,0.0
714,0.24232721328735352,9.850688859820366,0.09062688052654266,0.5,0.013475445099174976,0.0
715,0.2406424582004547,9.763732880353928,0.09073562920093536,0.5,0.013474276289343834,0.0
716,0.2414461225271225,9.801302805542946,0.09084013104438782,0.5,0.013474436476826668,0.0
717,0.24138261377811432,9.795448780059814,0.09094727039337158,0.5,0.01347541157156229,0.0
718,0.24013328552246094,9.731222078204155,0.0910177007317543,0.5,0.013476654887199402,0.0
719,0.2398277372121811,9.714769825339317,0.0910646915435791,0.5,0.013475916348397732,0.0
720,0.24087657034397125,9.766748458147049,0.09108320623636246,0.5,0.013472856022417545,0.0
721,0.24033689498901367,9.739831611514091,0.09108051657676697,0.5,0.013470231555402279,0.0
722,0.2402041256427765,9.733692035079002,0.0910605639219284,0.5,0.013465767726302147,0.0
723,0.24155092239379883,9.801825508475304,0.09102880954742432,0.5,0.013460211455821991,0.0
724,0.23957885801792145,9.704417675733566,0.09098100662231445,0.5,0.013456189073622227,0.0
725,0.24034807085990906,9.743353724479675,0.09096197783946991,0.5,0.013453248888254166,0.0
726,0.2395419031381607,9.704081907868385,0.09092053771018982,0.5,0.0134514719247818,0.0
727,0.2408730536699295,9.77231177687645,0.09085363894701004,0.5,0.013448145240545273,0.0
728,0.24074476957321167,9.766730800271034,0.0908203274011612,0.5,0.013446124270558357,0.0
729,0.24089863896369934,9.773935943841934,0.09083983302116394,0.5,0.01344715990126133,0.0
730,0.24092164635658264,9.773860171437263,0.09088888764381409,0.5,0.013449129648506641,0.0
731,0.2411269247531891,9.782879412174225,0.09093867987394333,0.5,0.013451703824102879,0.0
732,0.24129241704940796,9.78574438393116,0.09115506708621979,0.5,0.013458659872412682,0.0
733,0.24139049649238586,9.781621292233467,0.0915161520242691,0.5,0.013478423468768597,0.0
734,0.24095600843429565,9.749173641204834,0.09194508194923401,0.5,0.013505673967301846,0.0
735,0.24192506074905396,9.786260172724724,0.0923997014760971,0.5,0.013541104272007942,0.0
736,0.24191251397132874,9.774384900927544,0.09284965693950653,0.5,0.013580643571913242,0.0
737,0.24165263772010803,9.751074999570847,0.09326229989528656,0.5,0.013619117438793182,0.0
738,0.24286971986293793,9.80285120010376,0.09362538903951645,0.5,0.01365723367780447,0.0
739,0.24244354665279388,9.773619934916496,0.09394227713346481,0.5,0.013693182729184628,0.0
740,0.24309059977531433,9.79892785847187,0.09422411024570465,0.5,0.01372790988534689,0.0
741,0.2435593456029892,9.816481471061707,0.09445944428443909,0.5,0.013760523870587349,0.0
742,0.24249160289764404,9.758748784661293,0.09463326632976532,0.5,0.013792049139738083,0.0
743,0.2441510260105133,9.838343814015388,0.09476830065250397,0.5,0.013818487524986267,0.0
744,0.24318352341651917,9.787665992975235,0.09486040472984314,0.5,0.013841441832482815,0.0
745,0.24116984009742737,9.686209678649902,0.09489129483699799,0.5,0.013861389830708504,0.0
746,0.24301958084106445,9.779277190566063,0.09486807137727737,0.5,0.013877009972929955,0.0
747,0.24300822615623474,9.780116632580757,0.09481178224086761,0.5,0.013886728323996067,0.0
748,0.2429094910621643,9.777069300413132,0.09473623335361481,0.5,0.01389314979314804,0.0
749,0.24357157945632935,9.812737941741943,0.09463362395763397,0.5,0.013896515592932701,0.0
750,0.24080890417099,9.67768643796444,0.09451036155223846,0.5,0.013896360993385315,0.0
751,0.24216090142726898,9.747305825352669,0.09442958235740662,0.5,0.0138967614620924,0.0
752,0.24241162836551666,9.760448276996613,0.09440532326698303,0.5,0.013899412006139755,0.0
753,0.24141335487365723,9.710656926035881,0.09440042078495026,0.5,0.013903939165174961,0.0
754,0.24096190929412842,9.68797256052494,0.0944049209356308,0.5,0.01390903815627098,0.0
755,0.24212822318077087,9.746095165610313,0.09441263228654861,0.5,0.013914384879171848,0.0
756,0.24158325791358948,9.71897865831852,0.09440739452838898,0.5,0.013919750228524208,0.0
757,0.2416822612285614,9.721892222762108,0.09448882192373276,0.5,0.013928540050983429,0.0
758,0.2450452446937561,9.872581571340561,0.0951872318983078,0.5,0.013976826332509518,0.0
759,0.24397331476211548,9.790520891547203,0.09632578492164612,0.5,0.014053644612431526,0.0
760,0.24415156245231628,9.76726584136486,0.09761251509189606,0.5,0.014147928915917873,0.0
761,0.2468370497226715,9.869209855794907,0.09890572726726532,0.5,0.014252632856369019,0.0
762,0.24695411324501038,9.84407626092434,0.10014514625072479,0.5,0.014364464208483696,0.0
763,0.24940836429595947,9.937839105725288,0.10130317509174347,0.5,0.014476422220468521,0.0
764,0.2514793872833252,10.015032038092613,0.10235750675201416,0.5,0.014585611410439014,0.0
765,0.25001317262649536,9.916420966386795,0.10336952656507492,0.5,0.014696281403303146,0.0
766,0.25029176473617554,9.903627097606659,0.10443845391273499,0.5,0.014814402908086777,0.0
767,0.25139328837394714,9.932500764727592,0.10548655688762665,0.5,0.014937181957066059,0.0
768,0.25248101353645325,9.96128186583519,0.10651074349880219,0.5,0.01506343949586153,0.0
769,0.2526872158050537,9.947833269834518,0.10746109485626221,0.5,0.015188241377472878,0.0
770,0.2525291442871094,9.918942898511887,0.1083005964756012,0.5,0.015307809226214886,0.0
771,0.25301656126976013,9.924568682909012,0.10905034840106964,0.5,0.01542059239000082,0.0
772,0.25279515981674194,9.897308960556984,0.10969799011945724,0.5,0.015524419024586678,0.0
773,0.25312188267707825,9.899744808673859,0.1102539449930191,0.5,0.015618405304849148,0.0
774,0.2532650828361511,9.895322695374489,0.11071723699569702,0.5,0.015702474862337112,0.0
775,0.25220987200737,9.833493024110794,0.11108001321554184,0.5,0.015779271721839905,0.0
776,0.25233209133148193,9.832967013120651,0.11134549230337143,0.5,0.015848102048039436,0.0
777,0.253151535987854,9.869826167821884,0.11151003837585449,0.5,0.015907693654298782,0.0
778,0.2530127167701721,9.860642805695534,0.11159971356391907,0.5,0.01596052199602127,0.0
779,0.2531404495239258,9.86626747250557,0.11163017153739929,0.5,0.016005992889404297,0.0
780,0.25218790769577026,9.81936340034008,0.111601322889328,0.5,0.01604262925684452,0.0
781,0.25315093994140625,9.869953513145447,0.11150376498699188,0.5,0.016071679070591927,0.0
782,0.252197802066803,9.82602944970131,0.11135447025299072,0.5,0.01609507016837597,0.0
783,0.2510862648487091,9.775475263595581,0.1111534982919693,0.5,0.01611395739018917,0.0
784,0.25234663486480713,9.844671994447708,0.11090642213821411,0.5,0.016126612201333046,0.0
785,0.25121772289276123,9.794889613986015,0.11063988506793976,0.5,0.016136059537529945,0.0
786,0.2519718408584595,9.84003035724163,0.11034249514341354,0.5,0.016141165047883987,0.0
787,0.2515808343887329,9.828743144869804,0.11001193523406982,0.5,0.016143500804901123,0.0
788,0.24969851970672607,9.743577361106873,0.10965395718812943,0.5,0.01614169403910637,0.0
789,0.25013473629951477,9.774528577923775,0.10928834974765778,0.5,0.016137080267071724,0.0
790,0.24858923256397247,9.706697016954422,0.10891059786081314,0.5,0.016128795221447945,0.0
791,0.24975967407226562,9.774957448244095,0.10852105170488358,0.5,0.016117630526423454,0.0
792,0.24863192439079285,9.72864818572998,0.10811790078878403,0.5,0.016102071851491928,0.0
793,0.24916213750839233,9.764937952160835,0.10772676765918732,0.5,0.016086548566818237,0.0
794,0.2497270554304123,9.80268257856369,0.1073467954993248,0.5,0.01607062853872776,0.0
795,0.2484896332025528,9.749979674816132,0.10698007792234421,0.5,0.016052663326263428,0.0
796,0.24753722548484802,9.711370438337326,0.10661964118480682,0.5,0.016032829880714417,0.0
797,0.24952203035354614,9.81920026242733,0.10627604275941849,0.5,0.016012029722332954,0.0
798,0.24853180348873138,9.777675285935402,0.10595657676458359,0.5,0.015992555767297745,0.0
799,0.24685877561569214,9.701794028282166,0.10564576089382172,0.5,0.015971966087818146,0.0
800,0.24787554144859314,9.760252669453621,0.10534100234508514,0.5,0.01595029979944229,0.0
801,0.2481498271226883,9.781864762306213,0.10502505302429199,0.5,0.015927566215395927,0.0
802,0.2464173138141632,9.70317217707634,0.104707732796669,0.5,0.015904009342193604,0.0
803,0.24717587232589722,9.748880699276924,0.10439653694629669,0.5,0.01588110812008381,0.0
804,0.246527761220932,9.723273694515228,0.10412458330392838,0.5,0.015859080478549004,0.0
805,0.24767707288265228,9.78718127310276,0.10386689752340317,0.5,0.01583692617714405,0.0
806,0.2457651048898697,9.696930050849915,0.10365301370620728,0.5,0.015819765627384186,0.0
807,0.24666421115398407,9.745946884155273,0.10349056124687195,0.5,0.015805330127477646,0.0
808,0.24709486961364746,9.770911529660225,0.10335329174995422,0.5,0.015793414786458015,0.0
809,0.24675294756889343,9.75684930384159,0.10323192924261093,0.5,0.01578350178897381,0.0
810,0.24516557157039642,9.680396392941475,0.10311529040336609,0.5,0.015774747356772423,0.0
811,0.24621868133544922,9.736209213733673,0.10298898071050644,0.5,0.01576673798263073,0.0
812,0.2468634843826294,9.771845489740372,0.10285313427448273,0.5,0.015757964923977852,0.0
813,0.24500682950019836,9.682420805096626,0.102716825902462,0.5,0.01574782095849514,0.0
814,0.24618490040302277,9.744423761963844,0.10259286314249039,0.5,0.01573767513036728,0.0
815,0.24621187150478363,9.74886304140091,0.10246924310922623,0.5,0.01572776958346367,0.0
816,0.24629519879817963,9.756884887814522,0.1023150160908699,0.5,0.015717176720499992,0.0
817,0.2467682808637619,9.784895300865173,0.10214075446128845,0.5,0.015705404803156853,0.0
818,0.24547560513019562,9.725103840231895,0.10194706171751022,0.5,0.01569325104355812,0.0
819,0.24630656838417053,9.772269889712334,0.1017223373055458,0.5,0.015680009499192238,0.0
820,0.24590009450912476,9.756720140576363,0.10153138637542725,0.5,0.015667671337723732,0.0
821,0.24420824646949768,9.676248490810394,0.1013665497303009,0.5,0.0156539436429739,0.0
822,0.24543315172195435,9.741409674286842,0.10120989382266998,0.5,0.01564127206802368,0.0
823,0.2446596920490265,9.706875532865524,0.10104435682296753,0.5,0.015627432614564896,0.0
824,0.24436673521995544,9.696924462914467,0.1008564829826355,0.5,0.015612585470080376,0.0
825,0.2447652965784073,9.721711114048958,0.10066214948892593,0.5,0.015596241690218449,0.0
826,0.24402916431427002,9.690182775259018,0.1004510223865509,0.5,0.0155783137306571,0.0
827,0.24419423937797546,9.703932031989098,0.10023118555545807,0.5,0.015558931976556778,0.0
828,0.24348287284374237,9.674229577183723,0.09999656677246094,0.5,0.01553886104375124,0.0
829,0.2429649829864502,9.654549926519394,0.09974795579910278,0.5,0.015516686253249645,0.0
830,0.24495859444141388,9.760360702872276,0.09950277209281921,0.5,0.015492761507630348,0.0
831,0.2435983419418335,9.697704672813416,0.09928847849369049,0.5,0.015468047000467777,0.0
832,0.24360431730747223,9.703396767377853,0.09907276183366776,0.5,0.015444080345332623,0.0
833,0.2428663820028305,9.672237604856491,0.09884325414896011,0.5,0.015417877584695816,0.0
834,0.24306052923202515,9.687493607401848,0.09862132370471954,0.5,0.015392235480248928,0.0
835,0.24306169152259827,9.693363443017006,0.09838885813951492,0.5,0.015367412008345127,0.0
836,0.24403788149356842,9.748614072799683,0.0981312021613121,0.5,0.015343237668275833,0.0
837,0.24229438602924347,9.668508291244507,0.09784844517707825,0.5,0.015318039804697037,0.0
838,0.24244357645511627,9.68261145055294,0.09758270531892776,0.5,0.015292874537408352,0.0
839,0.24172398447990417,9.65367142856121,0.09730111062526703,0.5,0.015267902053892612,0.0
840,0.24168428778648376,9.658924102783203,0.09701161831617355,0.5,0.015240977518260479,0.0
841,0.24109524488449097,9.636881023645401,0.09671523422002792,0.5,0.015213257633149624,0.0
842,0.2411344051361084,9.645694613456726,0.09644103795289993,0.5,0.015187828801572323,0.0
843,0.24276158213615417,9.73336660861969,0.0961885005235672,0.5,0.015163304284214973,0.0
844,0.24146169424057007,9.674805641174316,0.09593117982149124,0.5,0.015138434246182442,0.0
845,0.2406790852546692,9.640600144863129,0.09573417901992798,0.5,0.015116195194423199,0.0
846,0.24142393469810486,9.681297436356544,0.09559600055217743,0.5,0.015096070244908333,0.0
847,0.24073350429534912,9.649689108133316,0.09547945857048035,0.5,0.015076722949743271,0.0
848,0.2406228482723236,9.646099627017975,0.09540170431137085,0.5,0.015058303251862526,0.0
849,0.240370973944664,9.635556161403656,0.09531968832015991,0.5,0.015040275640785694,0.0
850,0.24065132439136505,9.651748850941658,0.09523269534111023,0.5,0.015020126476883888,0.0
851,0.24057723581790924,9.650410205125809,0.0951380729675293,0.5,0.015001879073679447,0.0
852,0.24020537734031677,9.63475751876831,0.09502044320106506,0.5,0.014984673820436,0.0
853,0.24193075299263,9.724892944097519,0.09486579895019531,0.5,0.014964989386498928,0.0
854,0.24043011665344238,9.654445245862007,0.09468241035938263,0.5,0.014944962225854397,0.0
855,0.2412397861480713,9.699989378452301,0.0944799929857254,0.5,0.014924130402505398,0.0
856,0.24147340655326843,9.716844514012337,0.09427303820848465,0.5,0.014902534894645214,0.0
857,0.2412302941083908,9.709489911794662,0.09408098459243774,0.5,0.014881341718137264,0.0
858,0.24013042449951172,9.658233270049095,0.09393152594566345,0.5,0.014860060065984726,0.0
859,0.24108223617076874,9.708222895860672,0.09383556246757507,0.5,0.0148400804027915,0.0
860,0.2403968870639801,9.674088418483734,0.09383023530244827,0.5,0.014824751764535904,0.0
861,0.24004387855529785,9.654783502221107,0.09389641135931015,0.5,0.014815118163824081,0.0
862,0.24139654636383057,9.720415458083153,0.09397648274898529,0.5,0.014809390529990196,0.0
863,0.2402196228504181,9.65935854613781,0.09406490623950958,0.5,0.014806754887104034,0.0
864,0.24014076590538025,9.653330594301224,0.09414830058813095,0.5,0.014804689213633537,0.0
865,0.24056848883628845,9.673233211040497,0.09420764446258545,0.5,0.01480310782790184,0.0
866,0.23988120257854462,9.637811958789825,0.09424993395805359,0.5,0.014800973236560822,0.0
867,0.24009844660758972,9.648380234837532,0.09426169097423553,0.5,0.014797366224229336,0.0
868,0.2396799921989441,9.628225475549698,0.09423099458217621,0.5,0.014792644418776035,0.0
869,0.2411113828420639,9.701256528496742,0.09417250007390976,0.5,0.014786812476813793,0.0
870,0.2405334711074829,9.672732010483742,0.09415767341852188,0.5,0.014784757047891617,0.0
871,0.2411063313484192,9.700529038906097,0.09419149160385132,0.5,0.014783995226025581,0.0
872,0.24123433232307434,9.705507516860962,0.09424835443496704,0.5,0.014782936312258244,0.0
873,0.24071559309959412,9.678560584783554,0.09428876638412476,0.5,0.014782912097871304,0.0
874,0.2404545694589615,9.665342032909393,0.09429547190666199,0.5,0.014783122576773167,0.0
875,0.23959092795848846,9.62201552093029,0.09430121630430222,0.5,0.014784607104957104,0.0
876,0.2400994896888733,9.647377863526344,0.09430386126041412,0.5,0.014783778227865696,0.0
877,0.24107162654399872,9.695823907852173,0.09431028366088867,0.5,0.014784063212573528,0.0
878,0.24022994935512543,9.653292313218117,0.09432819485664368,0.5,0.014784760773181915,0.0
879,0.23989711701869965,9.636370226740837,0.09433943778276443,0.5,0.014783555641770363,0.0
880,0.24063622951507568,9.673510044813156,0.09433205425739288,0.5,0.014782238751649857,0.0
881,0.2397664487361908,9.630800515413284,0.09430085122585297,0.5,0.014781363308429718,0.0
882,0.24178770184516907,9.732754305005074,0.09426523745059967,0.5,0.014778363518416882,0.0
883,0.2398143708705902,9.635402157902718,0.09421263635158539,0.5,0.014775941148400307,0.0
884,0.24037672579288483,9.651516675949097,0.09469279646873474,0.5,0.014797228388488293,0.0
885,0.2411458045244217,9.663324370980263,0.09575865417718887,0.5,0.01485377550125122,0.0
886,0.24258747696876526,9.703368872404099,0.09704021364450455,0.5,0.014933869242668152,0.0
887,0.24445953965187073,9.764571025967598,0.09833623468875885,0.5,0.015029394067823887,0.0
888,0.24472038447856903,9.74618013203144,0.09959354996681213,0.5,0.015134003013372421,0.0
889,0.246749609708786,9.817936345934868,0.10078178346157074,0.5,0.015242894180119038,0.0
890,0.24692660570144653,9.799614638090134,0.10186861455440521,0.5,0.01535127218812704,0.0
891,0.24640078842639923,9.749210387468338,0.10283315181732178,0.5,0.015456676483154297,0.0
892,0.24699918925762177,9.758614972233772,0.10365378111600876,0.5,0.015556108206510544,0.0
893,0.24694287776947021,9.738863199949265,0.10433122515678406,0.5,0.015648743137717247,0.0
894,0.24773484468460083,9.76391388475895,0.1049131527543068,0.5,0.015735263004899025,0.0
895,0.24816390872001648,9.772272244095802,0.10543693602085114,0.5,0.015816738829016685,0.0
896,0.2484409213066101,9.774970173835754,0.10588304698467255,0.5,0.01589304767549038,0.0
897,0.24705415964126587,9.696346700191498,0.106254443526268,0.5,0.01596307009458542,0.0
898,0.24741321802139282,9.706844121217728,0.10655265301465988,0.5,0.016028162091970444,0.0
899,0.24674570560455322,9.66853366792202,0.10675008594989777,0.5,0.016083816066384315,0.0
900,0.24801993370056152,9.727971538901329,0.10692101716995239,0.5,0.01613515056669712,0.0
901,0.24837926030158997,9.741666570305824,0.10709182918071747,0.5,0.016183199360966682,0.0
902,0.24777498841285706,9.707656502723694,0.10724370926618576,0.5,0.016228122636675835,0.0
903,0.24862760305404663,9.74726128578186,0.1073647290468216,0.5,0.01626955345273018,0.0
904,0.24892251193523407,9.759675085544586,0.10745802521705627,0.5,0.016307195648550987,0.0
905,0.2480631172657013,9.715590104460716,0.10750263929367065,0.5,0.016337493434548378,0.0
906,0.24770770967006683,9.698079943656921,0.10749220848083496,0.5,0.016362495720386505,0.0
907,0.24767786264419556,9.698005706071854,0.10743547976016998,0.5,0.01638268493115902,0.0
908,0.24795767664909363,9.714424639940262,0.10733835399150848,0.5,0.01639658585190773,0.0
909,0.24774158000946045,9.70591501891613,0.10724654048681259,0.5,0.016403473913669586,0.0
910,0.24877987802028656,9.758648067712784,0.1072138249874115,0.5,0.01640905812382698,0.0
911,0.24723568558692932,9.682415708899498,0.10717476904392242,0.5,0.01641465723514557,0.0
912,0.24680911004543304,9.662496611475945,0.10711836814880371,0.5,0.016417335718870163,0.0
913,0.2473089098930359,9.689747586846352,0.10702793300151825,0.5,0.016417788341641426,0.0
914,0.24689920246601105,9.671978026628494,0.1069192886352539,0.5,0.016415312886238098,0.0
915,0.24663978815078735,9.66202050447464,0.10679876804351807,0.5,0.01641099713742733,0.0
916,0.247046560049057,9.685973212122917,0.10665418207645416,0.5,0.016404978930950165,0.0
917,0.24625977873802185,9.650751665234566,0.10648946464061737,0.5,0.016397124156355858,0.0
918,0.24739645421504974,9.712449580430984,0.10629493743181229,0.5,0.016388630494475365,0.0
919,0.24598973989486694,9.647725775837898,0.10607044398784637,0.5,0.01637708954513073,0.0
920,0.24686643481254578,9.697077244520187,0.10584975779056549,0.5,0.016364391893148422,0.0
921,0.24689441919326782,9.70408120751381,0.10562559962272644,0.5,0.01635006256401539,0.0
922,0.24585580825805664,9.65734387934208,0.10541786253452301,0.5,0.016335653141140938,0.0
923,0.24551646411418915,9.645285233855247,0.10522150993347168,0.5,0.016321608796715736,0.0
924,0.24541877210140228,9.645574852824211,0.10501455515623093,0.5,0.016305388882756233,0.0
925,0.24656617641448975,9.708767428994179,0.10478164255619049,0.5,0.01628732495009899,0.0
926,0.24609847366809845,9.691232159733772,0.1045476496219635,0.5,0.016266046091914177,0.0
927,0.24691903591156006,9.7384594976902,0.10429967939853668,0.5,0.01624390296638012,0.0
928,0.244558185338974,9.627087831497192,0.10403285920619965,0.5,0.016220545396208763,0.0
929,0.24409309029579163,9.611194372177124,0.10373841226100922,0.5,0.01619587279856205,0.0
930,0.2443421185016632,9.631801143288612,0.1034121960401535,0.5,0.016170572489500046,0.0
931,0.2451523095369339,9.68115907907486,0.10305824130773544,0.5,0.016142036765813828,0.0
932,0.24332305788993835,9.599205359816551,0.10267789661884308,0.5,0.01611277088522911,0.0
933,0.24350954592227936,9.618083521723747,0.10229576379060745,0.5,0.016081800684332848,0.0
934,0.2435675710439682,9.630812838673592,0.10190263390541077,0.5,0.016049735248088837,0.0
935,0.24341517686843872,9.633311420679092,0.10149787366390228,0.5,0.016016533598303795,0.0
936,0.2438720166683197,9.66621182858944,0.10109555721282959,0.5,0.015983866527676582,0.0
937,0.242689311504364,9.617156237363815,0.10069236904382706,0.5,0.015949731692671776,0.0
938,0.2443472445011139,9.709987699985504,0.10029499232769012,0.5,0.01591559872031212,0.0
939,0.24198174476623535,9.601142451167107,0.09991781413555145,0.5,0.01588144153356552,0.0
940,0.2422705739736557,9.624325186014175,0.09956812858581543,0.5,0.0158489178866148,0.0
941,0.24162507057189941,9.600649386644363,0.09922416508197784,0.5,0.015816280618309975,0.0
942,0.241674542427063,9.611310124397278,0.09889668226242065,0.5,0.015784265473484993,0.0
943,0.24242828786373138,9.657159447669983,0.09857019782066345,0.5,0.015752913430333138,0.0
944,0.24117472767829895,9.602495461702347,0.098249651491642,0.5,0.015721697360277176,0.0
945,0.24169915914535522,9.635833203792572,0.09796498715877533,0.5,0.015692342072725296,0.0
946,0.24200768768787384,9.658142626285553,0.09768965095281601,0.5,0.01566341705620289,0.0
947,0.24264733493328094,9.697534248232841,0.09739331156015396,0.5,0.015634365379810333,0.0
948,0.24211755394935608,9.67849576473236,0.09709528088569641,0.5,0.015605141408741474,0.0
949,0.24027270078659058,9.594130635261536,0.09678016602993011,0.5,0.015576218254864216,0.0
950,0.2415435016155243,9.66499862074852,0.09648703038692474,0.5,0.015550744719803333,0.0
951,0.24060946702957153,9.624582782387733,0.09623563289642334,0.5,0.015527180396020412,0.0
952,0.24155715107917786,9.677774906158447,0.09600329399108887,0.5,0.015506716445088387,0.0
953,0.24046491086483002,9.628692507743835,0.09578213840723038,0.5,0.015486721880733967,0.0
954,0.2404807209968567,9.634819194674492,0.09556867182254791,0.5,0.015466232784092426,0.0
955,0.24141472578048706,9.686389178037643,0.09537391364574432,0.5,0.015447601675987244,0.0
956,0.2407831847667694,9.659404084086418,0.09519018232822418,0.5,0.015429796651005745,0.0
957,0.24021336436271667,9.635236606001854,0.09501723945140839,0.5,0.015413488261401653,0.0
958,0.2399074137210846,9.624079376459122,0.09485165774822235,0.5,0.015395928174257278,0.0
959,0.24138693511486053,9.702373430132866,0.09467893838882446,0.5,0.015377008356153965,0.0
960,0.23948416113853455,9.612453028559685,0.09447021782398224,0.5,0.015356830321252346,0.0
961,0.2401791661977768,9.652941510081291,0.09424066543579102,0.5,0.015335997566580772,0.0
962,0.23969626426696777,9.634425088763237,0.09401553869247437,0.5,0.015315973199903965,0.0
963,0.2382618635892868,9.568357929587364,0.09378939121961594,0.5,0.015294387936592102,0.0
964,0.2390100061893463,9.611050263047218,0.0935780256986618,0.5,0.015273409895598888,0.0
965,0.238540381193161,9.59285619854927,0.09336648881435394,0.5,0.015251616947352886,0.0
966,0.2393646389245987,9.638751864433289,0.09317919611930847,0.5,0.015231209807097912,0.0
967,0.2380140721797943,9.575473085045815,0.09300921857357025,0.5,0.015209618024528027,0.0
968,0.23861172795295715,9.609897002577782,0.09282757341861725,0.5,0.015187730081379414,0.0
969,0.2387823760509491,9.623296558856964,0.09263289719820023,0.5,0.015166189521551132,0.0
970,0.23975637555122375,9.676942855119705,0.09243501722812653,0.5,0.015144650824368,0.0
971,0.239528626203537,9.668917745351791,0.09230054914951324,0.5,0.015126880258321762,0.0
972,0.23857474327087402,9.623004868626595,0.09222932159900665,0.5,0.01511051319539547,0.0
973,0.2382611632347107,9.608657851815224,0.09217602014541626,0.5,0.015095371752977371,0.0
974,0.23890575766563416,9.64167782664299,0.09214439988136292,0.5,0.0150831313803792,0.0
975,0.23860591650009155,9.627204224467278,0.09212365001440048,0.5,0.015071057714521885,0.0
976,0.23869413137435913,9.6321352571249,0.09210284054279327,0.5,0.01505961362272501,0.0
977,0.2383929342031479,9.617382973432541,0.09209053963422775,0.5,0.015049630776047707,0.0
978,0.23725004494190216,9.560913801193237,0.0920635461807251,0.5,0.015039521269500256,0.0
979,0.23712241649627686,9.556020051240921,0.09200403094291687,0.5,0.015028771944344044,0.0
980,0.23713862895965576,9.559316143393517,0.09190459549427032,0.5,0.015016825869679451,0.0
981,0.2373521327972412,9.572775453329086,0.09179322421550751,0.5,0.015003994107246399,0.0
982,0.23722927272319794,9.569899410009384,0.09166255593299866,0.5,0.014990916475653648,0.0
983,0.23806139826774597,9.615302681922913,0.09151069819927216,0.5,0.014976768754422665,0.0
984,0.23828066885471344,9.629710003733635,0.09137293696403503,0.5,0.014963141642510891,0.0
985,0.23657619953155518,9.546783417463303,0.09128104150295258,0.5,0.014949941076338291,0.0
986,0.23733298480510712,9.586235329508781,0.0912165641784668,0.5,0.014937208965420723,0.0
987,0.23714807629585266,9.5787383466959,0.09114660322666168,0.5,0.014924352057278156,0.0
988,0.23822318017482758,9.63388705253601,0.09109088778495789,0.5,0.01491353940218687,0.0
989,0.23817694187164307,9.632102474570274,0.0910697877407074,0.5,0.014904466457664967,0.0
990,0.2366122454404831,9.554447159171104,0.09104660153388977,0.5,0.014896445907652378,0.0
991,0.23692390322685242,9.57079504430294,0.09101599454879761,0.5,0.014888017438352108,0.0
992,0.2365279197692871,9.552439883351326,0.09095822274684906,0.5,0.014879610389471054,0.0
993,0.2361845076084137,9.53710226714611,0.09088492393493652,0.5,0.014871353283524513,0.0
994,0.23642565310001373,9.551568776369095,0.09078855067491531,0.5,0.014860079623758793,0.0
995,0.23762232065200806,9.614578545093536,0.09066149592399597,0.5,0.01484699733555317,0.0
996,0.2365817129611969,9.564289197325706,0.09059184044599533,0.5,0.014838269911706448,0.0
997,0.23626838624477386,9.544538423418999,0.09075521677732468,0.5,0.01484362781047821,0.0
998,0.23725982010364532,9.583827465772629,0.09116655588150024,0.5,0.014863836579024792,0.0
999,0.238614022731781,9.638316124677658,0.09169541299343109,0.5,0.014892670325934887,0.0
1000,0.23901212215423584,9.64363519847393,0.092278853058815,0.5,0.014928908087313175,0.0
1001,0.23916015028953552,9.636328116059303,0.0928671732544899,0.5,0.014970558695495129,0.0
1002,0.23807036876678467,9.568155720829964,0.09341450035572052,0.5,0.015012984164059162,0.0
1003,0.24000173807144165,9.65222817659378,0.09391434490680695,0.5,0.015055287629365921,0.0
1004,0.23946690559387207,9.614636078476906,0.09434837102890015,0.5,0.015096656046807766,0.0
1005,0.23962971568107605,9.613882094621658,0.09470415115356445,0.5,0.015134984627366066,0.0
1006,0.24023312330245972,9.637419298291206,0.0949694961309433,0.5,0.01516793668270111,0.0
1007,0.24045401811599731,9.644001930952072,0.09514795243740082,0.5,0.015196135267615318,0.0
1008,0.24060633778572083,9.649194329977036,0.09524492919445038,0.5,0.015219868160784245,0.0
1009,0.23931804299354553,9.58336254954338,0.09530159831047058,0.5,0.015240879729390144,0.0
1010,0.2398878037929535,9.611615642905235,0.0953110009431839,0.5,0.015256599523127079,0.0
1011,0.23933598399162292,9.584998220205307,0.09527204930782318,0.5,0.015267109498381615,0.0
1012,0.23938602209091187,9.58978645503521,0.09518057852983475,0.5,0.015272838994860649,0.0
1013,0.2391028106212616,9.577707335352898,0.09509734809398651,0.5,0.015275719575583935,0.0
1014,0.24002717435359955,9.626037940382957,0.0950128436088562,0.5,0.015275971032679081,0.0
1015,0.23966649174690247,9.61037889122963,0.09491784870624542,0.5,0.015275804325938225,0.0
1016,0.23877787590026855,9.568521082401276,0.09481488913297653,0.5,0.01527370698750019,0.0
1017,0.23945727944374084,9.605364054441452,0.09470002353191376,0.5,0.015267875976860523,0.0
1018,0.24076929688453674,9.674311235547066,0.09456612914800644,0.5,0.015261453576385975,0.0
1019,0.2402820736169815,9.654095709323883,0.0944003090262413,0.5,0.01525240857154131,0.0
1020,0.2395663559436798,9.62295886874199,0.09421435743570328,0.5,0.015240362845361233,0.0
1021,0.2392631471157074,9.613325953483582,0.09399323165416718,0.5,0.015226502902805805,0.0
1022,0.23839330673217773,9.57517857849598,0.09377948939800262,0.5,0.01521236076951027,0.0
1023,0.23855209350585938,9.58812440931797,0.09357921779155731,0.5,0.015198441222310066,0.0
1024,0.23897524178028107,9.614090129733086,0.09338688105344772,0.5,0.015182488597929478,0.0
1025,0.2379579246044159,9.567649737000465,0.09320986270904541,0.5,0.015169616788625717,0.0
1026,0.23834075033664703,9.590247124433517,0.09307160973548889,0.5,0.01515637431293726,0.0
1027,0.23841622471809387,9.59754367172718,0.09293071180582047,0.5,0.015142458491027355,0.0
1028,0.23994727432727814,9.678098037838936,0.09277062863111496,0.5,0.015126287937164307,0.0
1029,0.23857943713665009,9.61437314748764,0.09258396178483963,0.5,0.015108454041182995,0.0
1030,0.2385287880897522,9.61724703013897,0.09236772358417511,0.5,0.01508895494043827,0.0
1031,0.23717601597309113,9.555939465761185,0.09211444109678268,0.5,0.015067304484546185,0.0
1032,0.23757389187812805,9.582749247550964,0.0918378233909607,0.5,0.015045774169266224,0.0
1033,0.23696401715278625,9.559491574764252,0.0915483832359314,0.5,0.015022546984255314,0.0
1034,0.23826955258846283,9.63263438642025,0.09123373031616211,0.5,0.014998015947639942,0.0
1035,0.23675215244293213,9.564676269888878,0.09091725200414658,0.5,0.014973428100347519,0.0
1036,0.23739351332187653,9.603801488876343,0.09063497185707092,0.5,0.014950000680983067,0.0
1037,0.23683343827724457,9.582027301192284,0.0903857871890068,0.5,0.01492762565612793,0.0
1038,0.2354361116886139,9.518015801906586,0.0901515930891037,0.5,0.014907755888998508,0.0
1039,0.23618993163108826,9.561386466026306,0.0899243876338005,0.5,0.01488786656409502,0.0
1040,0.23612788319587708,9.56371594965458,0.089707151055336,0.5,0.014869754202663898,0.0
1041,0.23648494482040405,9.586839854717255,0.08949626982212067,0.5,0.014851809479296207,0.0
1042,0.2358880639076233,9.562293708324432,0.08928440511226654,0.5,0.014835052192211151,0.0
1043,0.23680783808231354,9.613856166601181,0.089061439037323,0.5,0.014818648807704449,0.0
1044,0.23589131236076355,9.574152171611786,0.08881652355194092,0.5,0.014800856821238995,0.0
1045,0.2353738248348236,9.55492977797985,0.08855043351650238,0.5,0.014782087877392769,0.0
1046,0.23482805490493774,9.534382432699203,0.0882808119058609,0.5,0.014763161540031433,0.0
1047,0.2355358600616455,9.576618418097496,0.08800698816776276,0.5,0.014742372557520866,0.0
1048,0.23590567708015442,9.600771188735962,0.08778052031993866,0.5,0.014723949134349823,0.0
1049,0.23482725024223328,9.550756275653839,0.08762423694133759,0.5,0.014706769026815891,0.0
1050,0.23512060940265656,9.568483382463455,0.0875018835067749,0.5,0.014690891839563847,0.0
1051,0.23522281646728516,9.576510578393936,0.08738520741462708,0.5,0.014674176461994648,0.0
1052,0.2367040514945984,9.653643786907196,0.0872623547911644,0.5,0.014657325111329556,0.0
1053,0.2350260317325592,9.572499126195908,0.08715209364891052,0.5,0.014642191119492054,0.0
1054,0.23389968276023865,9.518377274274826,0.08706425130367279,0.5,0.014627771452069283,0.0
1055,0.2343994826078415,9.54577761888504,0.08696785569190979,0.5,0.01461268775165081,0.0
1056,0.23408809304237366,9.53313034772873,0.08685095608234406,0.5,0.014596556313335896,0.0
1057,0.23405073583126068,9.533883333206177,0.08674612641334534,0.5,0.014580022543668747,0.0
1058,0.23573587834835052,9.619821593165398,0.0866788923740387,0.5,0.014564400538802147,0.0
1059,0.23578894138336182,9.622925326228142,0.08666086196899414,0.5,0.014552600681781769,0.0
1060,0.23490071296691895,9.57842493057251,0.08666445314884186,0.5,0.014542673714458942,0.0
1061,0.2357141673564911,9.618761375546455,0.08667789399623871,0.5,0.014533495530486107,0.0
1062,0.23369555175304413,9.517437845468521,0.08669358491897583,0.5,0.01452553365379572,0.0
1063,0.23590484261512756,9.627623468637466,0.08670477569103241,0.5,0.014516721479594707,0.0
1064,0.23587313294410706,9.62266443669796,0.08683966845273972,0.5,0.014512147754430771,0.0
1065,0.23458363115787506,9.551817446947098,0.08709457516670227,0.5,0.014513795264065266,0.0
1066,0.2370251715183258,9.666918814182281,0.08737358450889587,0.5,0.014518193900585175,0.0
1067,0.23621544241905212,9.61970129609108,0.08764283359050751,0.5,0.014524285681545734,0.0
1068,0.23575209081172943,9.590159431099892,0.08789781481027603,0.5,0.014531404711306095,0.0
1069,0.23549087345600128,9.571423947811127,0.08812478184700012,0.5,0.014538303948938847,0.0
1070,0.2356632649898529,9.544584527611732,0.0895431786775589,0.5,0.014603189192712307,0.0
1071,0.2381952404975891,9.605264544487,0.09217989444732666,0.5,0.014754422008991241,0.0
1072,0.24085599184036255,9.662829771637917,0.09519878029823303,0.5,0.014964191243052483,0.0
1073,0.24186310172080994,9.636915519833565,0.09824959933757782,0.5,0.015211882069706917,0.0
1074,0.24535292387008667,9.737786620855331,0.10119439661502838,0.5,0.015478748828172684,0.0
1075,0.2470506727695465,9.753973841667175,0.10394240915775299,0.5,0.015755943953990936,0.0
1076,0.24803586304187775,9.740548759698868,0.10644977539777756,0.5,0.01603320799767971,0.0
1077,0.2516145706176758,9.86325991153717,0.108698770403862,0.5,0.01630464568734169,0.0
1078,0.25016987323760986,9.741273924708366,0.11068879812955856,0.5,0.01656411960721016,0.0
1079,0.25053131580352783,9.716035455465317,0.11242120712995529,0.5,0.016808634623885155,0.0
1080,0.2513861060142517,9.720139130949974,0.11396665871143341,0.5,0.017036333680152893,0.0
1081,0.25276803970336914,9.75434547662735,0.1153622716665268,0.5,0.017253603786230087,0.0
1082,0.2527174949645996,9.720904931426048,0.11659878492355347,0.5,0.0174556951969862,0.0
1083,0.2537323236465454,9.744857788085938,0.11767034232616425,0.5,0.017642103135585785,0.0
1084,0.2525038421154022,9.660458132624626,0.1185893565416336,0.5,0.017813535407185555,0.0
1085,0.25365132093429565,9.698553577065468,0.11936047673225403,0.5,0.01796877011656761,0.0
1086,0.2532903552055359,9.664952546358109,0.11998261511325836,0.5,0.01810833066701889,0.0
1087,0.2531537115573883,9.646281391382217,0.12045615911483765,0.5,0.018232058733701706,0.0
1088,0.25349554419517517,9.65450020134449,0.12081105262041092,0.5,0.01834179274737835,0.0
1089,0.2546359896659851,9.705312699079514,0.12105946242809296,0.5,0.018439190462231636,0.0
1090,0.2550991475582123,9.724351689219475,0.12122421711683273,0.5,0.018524691462516785,0.0
1091,0.25471270084381104,9.70256470143795,0.12132278084754944,0.5,0.01860060542821884,0.0
1092,0.2538301646709442,9.657135710120201,0.12137492001056671,0.5,0.0186688844114542,0.0
1093,0.25330331921577454,9.630910873413086,0.12137021124362946,0.5,0.018727997317910194,0.0
1094,0.25376054644584656,9.655280649662018,0.12130986154079437,0.5,0.01877852901816368,0.0
1095,0.25240063667297363,9.590055510401726,0.12119901925325394,0.5,0.018820783123373985,0.0
1096,0.2529848515987396,9.623392030596733,0.12103401124477386,0.5,0.018855249509215355,0.0
1097,0.25376224517822266,9.667870223522186,0.1208096593618393,0.5,0.018881773576140404,0.0
1098,0.2533215880393982,9.65219397842884,0.12055540084838867,0.5,0.01890207640826702,0.0
1099,0.253246545791626,9.65611669421196,0.1202484667301178,0.5,0.018915582448244095,0.0
1100,0.2524799704551697,9.62638707458973,0.11990448087453842,0.5,0.018922392278909683,0.0
1101,0.2533709406852722,9.680149152874947,0.11953594535589218,0.5,0.01892535388469696,0.0
1102,0.2527841329574585,9.66014514863491,0.11916248500347137,0.5,0.018922539427876472,0.0
1103,0.25153765082359314,9.607719376683235,0.11876653134822845,0.5,0.018915485590696335,0.0
1104,0.2515638470649719,9.619291603565216,0.11835604906082153,0.5,0.01890510879456997,0.0
1105,0.2517756223678589,9.640407890081406,0.11793495714664459,0.5,0.018890634179115295,0.0
1106,0.25135374069213867,9.630279526114464,0.1174962967634201,0.5,0.01887228712439537,0.0
1107,0.2511475682258606,9.631081774830818,0.11705188453197479,0.5,0.0188507828861475,0.0
1108,0.25117966532707214,9.644169330596924,0.11659253388643265,0.5,0.01882588490843773,0.0
1109,0.250450998544693,9.619133800268173,0.11613664031028748,0.5,0.01879803277552128,0.0
1110,0.25012609362602234,9.614813908934593,0.11565963178873062,0.5,0.01876792311668396,0.0
1111,0.2486901432275772,9.555398792028427,0.11516433209180832,0.5,0.018735256046056747,0.0
1112,0.2496575564146042,9.61658327281475,0.11465176939964294,0.5,0.0187006164342165,0.0
1113,0.24751028418540955,9.522696897387505,0.1141127198934555,0.5,0.018662938848137856,0.0
1114,0.24831143021583557,9.576432049274445,0.11356556415557861,0.5,0.018624022603034973,0.0
1115,0.24814453721046448,9.581886604428291,0.1130136251449585,0.5,0.01858237199485302,0.0
1116,0.2494555413722992,9.66165816783905,0.11244477331638336,0.5,0.01853945665061474,0.0
1117,0.24768060445785522,9.586460188031197,0.11190278828144073,0.5,0.01849537529051304,0.0
1118,0.24586302042007446,9.508634090423584,0.1113806813955307,0.5,0.01845155656337738,0.0
1119,0.24690234661102295,9.57395188510418,0.110846608877182,0.5,0.01840566284954548,0.0
1120,0.2480507493019104,9.645088762044907,0.11029796302318573,0.5,0.018359318375587463,0.0
1121,0.2465018481016159,9.58125451207161,0.10975351929664612,0.5,0.01831377111375332,0.0
1122,0.24603036046028137,9.571019038558006,0.10921995341777802,0.5,0.01826818287372589,0.0
1123,0.24613557755947113,9.589580178260803,0.10868793725967407,0.5,0.018220912665128708,0.0
1124,0.24512669444084167,9.552321374416351,0.10816053301095963,0.5,0.018171537667512894,0.0
1125,0.24305817484855652,9.461128816008568,0.10767118632793427,0.5,0.018121514469385147,0.0
1126,0.24452856183052063,9.545711383223534,0.10722866654396057,0.5,0.018074167892336845,0.0
1127,0.24494226276874542,9.57715429365635,0.10679835081100464,0.5,0.01802915520966053,0.0
1128,0.24460026621818542,9.569860592484474,0.10640610754489899,0.5,0.01798616349697113,0.0
1129,0.24319776892662048,9.509017035365105,0.10603483766317368,0.5,0.01794281043112278,0.0
1130,0.242924302816391,9.50437693297863,0.10567351430654526,0.5,0.017899164929986,0.0
1131,0.24413177371025085,9.573220700025558,0.10533473640680313,0.5,0.017855795100331306,0.0
1132,0.24376390874385834,9.563087463378906,0.10500430315732956,0.5,0.01781308464705944,0.0
1133,0.24246682226657867,9.506881430745125,0.10465840250253677,0.5,0.017770759761333466,0.0
1134,0.2420313060283661,9.494194254279137,0.10429482161998749,0.5,0.017729422077536583,0.0
1135,0.24286150932312012,9.545148596167564,0.10391706228256226,0.5,0.017687546089291573,0.0
1136,0.24214273691177368,9.518892228603363,0.10352977365255356,0.5,0.01764713041484356,0.0
1137,0.24163159728050232,9.503006041049957,0.10314294695854187,0.5,0.017605524510145187,0.0
1138,0.24225787818431854,9.54390874505043,0.10275942087173462,0.5,0.017564674839377403,0.0
1139,0.24142444133758545,9.511754930019379,0.10237869620323181,0.5,0.017524415627121925,0.0
1140,0.24113678932189941,9.506755754351616,0.1020033210515976,0.5,0.017483185976743698,0.0
1141,0.24170896410942078,9.544810771942139,0.10162550956010818,0.5,0.017441419884562492,0.0
1142,0.2418561577796936,9.561732038855553,0.1012430191040039,0.5,0.017399203032255173,0.0
1143,0.24024160206317902,9.490633636713028,0.10085785388946533,0.5,0.01735607534646988,0.0
1144,0.24112169444561005,9.544637218117714,0.10045790672302246,0.5,0.017313776537775993,0.0
1145,0.23999065160751343,9.497842013835907,0.1000676155090332,0.5,0.01727067120373249,0.0
1146,0.23912669718265533,9.46416488289833,0.09968680888414383,0.5,0.017227740958333015,0.0
1147,0.24028415977954865,9.531297698616982,0.09931641817092896,0.5,0.017185715958476067,0.0
1148,0.2387087345123291,9.461664527654648,0.09895089268684387,0.5,0.01714416965842247,0.0
1149,0.23952117562294006,9.511531233787537,0.09858111292123795,0.5,0.017102675512433052,0.0
1150,0.23953360319137573,9.521445453166962,0.09820936620235443,0.5,0.017060942947864532,0.0
1151,0.23972216248512268,9.540072545409203,0.09784139692783356,0.5,0.017020056024193764,0.0
1152,0.23911288380622864,9.518758922815323,0.09747540950775146,0.5,0.016979118809103966,0.0
1153,0.2381671965122223,9.480266869068146,0.09712371230125427,0.5,0.0169402826577425,0.0
1154,0.2380591332912445,9.483378663659096,0.09678314626216888,0.5,0.01690073125064373,0.0
1155,0.23810943961143494,9.494307771325111,0.09644657373428345,0.5,0.016862574964761734,0.0
1156,0.23838971555233002,9.516630753874779,0.09611418843269348,0.5,0.016823681071400642,0.0
1157,0.23796159029006958,9.502814933657646,0.09581057727336884,0.5,0.016785260289907455,0.0
1158,0.23783019185066223,9.503252387046814,0.09553028643131256,0.5,0.016746757552027702,0.0
1159,0.23706120252609253,9.471694335341454,0.09525461494922638,0.5,0.016707897186279297,0.0
1160,0.23669354617595673,9.459928393363953,0.09498994797468185,0.5,0.016671597957611084,0.0
1161,0.23745611310005188,9.504026383161545,0.09475117921829224,0.5,0.016636762768030167,0.0
1162,0.23872259259223938,9.572990268468857,0.09452556818723679,0.5,0.016603251919150352,0.0
1163,0.23737476766109467,9.511223047971725,0.09430063515901566,0.5,0.01656969264149666,0.0
1164,0.23850694298744202,9.572897017002106,0.09409800171852112,0.5,0.016537820920348167,0.0
1165,0.23742857575416565,9.522794768214226,0.09394533932209015,0.5,0.01651051826775074,0.0
1166,0.23692351579666138,9.497343927621841,0.09395328164100647,0.5,0.016491955146193504,0.0
1167,0.23740315437316895,9.51703667640686,0.09412486106157303,0.5,0.016485420987010002,0.0
1168,0.23749466240406036,9.515973314642906,0.09435039758682251,0.5,0.01648624986410141,0.0
1169,0.23775330185890198,9.523112013936043,0.09458209574222565,0.5,0.016492821276187897,0.0
1170,0.23754315078258514,9.507425084710121,0.0947893038392067,0.5,0.016501285135746002,0.0
1171,0.237512469291687,9.50122918188572,0.0949757844209671,0.5,0.016511492431163788,0.0
1172,0.23735766112804413,9.48957408964634,0.09513235092163086,0.5,0.01652194745838642,0.0
1173,0.23845651745796204,9.541544765233994,0.09525124728679657,0.5,0.01653090864419937,0.0
1174,0.2377999722957611,9.504976600408554,0.09540088474750519,0.5,0.01654118299484253,0.0
1175,0.23815670609474182,9.517963856458664,0.0955948531627655,0.5,0.016552187502384186,0.0
1176,0.23860645294189453,9.535539627075195,0.09579132497310638,0.5,0.016563644632697105,0.0
1177,0.23977065086364746,9.589317724108696,0.0959685891866684,0.5,0.016573673114180565,0.0
1178,0.2401942014694214,9.60684397816658,0.09611465036869049,0.5,0.01658189669251442,0.0
1179,0.23939113318920135,9.564424201846123,0.09620529413223267,0.5,0.016587525606155396,0.0
1180,0.23860608041286469,9.523302778601646,0.0962800458073616,0.5,0.01659315451979637,0.0
1181,0.23861011862754822,9.521831408143044,0.09634696692228317,0.5,0.016597377136349678,0.0
1182,0.2389327883720398,9.537358567118645,0.09637123346328735,0.5,0.016598356887698174,0.0
1183,0.2391238510608673,9.546964645385742,0.09636911749839783,0.5,0.01659882813692093,0.0
1184,0.23860417306423187,9.521702498197556,0.09634023159742355,0.5,0.01659790426492691,0.0
1185,0.23944127559661865,9.564823105931282,0.09628961980342865,0.5,0.016596244648098946,0.0
1186,0.2379826009273529,9.493409588932991,0.09622882306575775,0.5,0.01659257896244526,0.0
1187,0.23821699619293213,9.507253900170326,0.09614383429288864,0.5,0.016586579382419586,0.0
1188,0.23810432851314545,9.504284664988518,0.09603726863861084,0.5,0.01657865382730961,0.0
1189,0.2386091649532318,9.531935349106789,0.09594090282917023,0.5,0.01656986027956009,0.0
1190,0.2379944920539856,9.503727331757545,0.09583987295627594,0.5,0.01656087301671505,0.0
1191,0.23763614892959595,9.48824942111969,0.09574231505393982,0.5,0.01655150204896927,0.0
1192,0.23831476271152496,9.52377437055111,0.09567853063344955,0.5,0.01654127612709999,0.0
1193,0.2383715957403183,9.527248606085777,0.0956532284617424,0.5,0.01653227023780346,0.0
1194,0.2376805692911148,9.493235647678375,0.09563171863555908,0.5,0.016524270176887512,0.0
1195,0.2379712015390396,9.507702142000198,0.09563431143760681,0.5,0.016517190262675285,0.0
1196,0.23729851841926575,9.473965793848038,0.09563840925693512,0.5,0.016511619091033936,0.0
1197,0.2386978268623352,9.54403880238533,0.09563411772251129,0.5,0.016506018117070198,0.0
1198,0.23859775066375732,9.539682671427727,0.0956081971526146,0.5,0.0164974182844162,0.0
1199,0.23786339163780212,9.504541501402855,0.09554511308670044,0.5,0.016487326472997665,0.0
1200,0.23752108216285706,9.489584743976593,0.09545879065990448,0.5,0.016477324068546295,0.0
1201,0.23704403638839722,9.46868072450161,0.09534086287021637,0.5,0.01646466739475727,0.0
1202,0.237333744764328,9.486758545041084,0.0951971560716629,0.5,0.016449766233563423,0.0
1203,0.23675307631492615,9.462057948112488,0.09502383321523666,0.5,0.016434336081147194,0.0
1204,0.23756948113441467,9.507624357938766,0.09483399987220764,0.5,0.016417959704995155,0.0
1205,0.23686549067497253,9.47761745750904,0.0946262925863266,0.5,0.016399716958403587,0.0
1206,0.2365797758102417,9.469077572226524,0.0943964272737503,0.5,0.016379885375499725,0.0
1207,0.2361709475517273,9.454616650938988,0.09415723383426666,0.5,0.016358481720089912,0.0
1208,0.23683610558509827,9.467786505818367,0.09496073424816132,0.5,0.016358111053705215,0.0
1209,0.23936013877391815,9.550295248627663,0.09670847654342651,0.5,0.016416875645518303,0.0
1210,0.23971176147460938,9.51793548464775,0.09870611131191254,0.5,0.0165163055062294,0.0
1211,0.24329331517219543,9.646830514073372,0.10071340203285217,0.5,0.01664125546813011,0.0
1212,0.24425108730793,9.64758975803852,0.10259857028722763,0.5,0.01678202673792839,0.0
1213,0.24459382891654968,9.621475785970688,0.10432861745357513,0.5,0.01693066768348217,0.0
1214,0.24432161450386047,9.568815901875496,0.10589058697223663,0.5,0.01708099991083145,0.0
1215,0.24465486407279968,9.551074430346489,0.10726673901081085,0.5,0.0172266848385334,0.0
1216,0.24501144886016846,9.539686009287834,0.10843546688556671,0.5,0.01736590266227722,0.0
1217,0.24623499810695648,9.576046392321587,0.10942813754081726,0.5,0.0174971092492342,0.0
1218,0.24514555931091309,9.500638455152512,0.11026559770107269,0.5,0.017620880156755447,0.0
1219,0.24591004848480225,9.521832317113876,0.11094679683446884,0.5,0.017733577638864517,0.0
1220,0.2475988268852234,9.592931538820267,0.11148038506507874,0.5,0.01783466711640358,0.0
1221,0.24735337495803833,9.570072621107101,0.11190386116504669,0.5,0.017925690859556198,0.0
1222,0.24774283170700073,9.581859812140465,0.11221124231815338,0.5,0.018006859347224236,0.0
1223,0.24688436090946198,9.533804178237915,0.11241656541824341,0.5,0.01807607151567936,0.0
1224,0.2467670738697052,9.524785906076431,0.11254271864891052,0.5,0.018135037273168564,0.0
1225,0.24622699618339539,9.497241422533989,0.1125643402338028,0.5,0.018183447420597076,0.0
1226,0.24617190659046173,9.496177896857262,0.11249671131372452,0.5,0.018221640959382057,0.0
1227,0.2468530237674713,9.533883154392242,0.11235073208808899,0.5,0.01825052499771118,0.0
1228,0.24669015407562256,9.531175523996353,0.11213330924510956,0.5,0.01827135495841503,0.0
1229,0.24594072997570038,9.500555589795113,0.11185923218727112,0.5,0.018285278230905533,0.0
1230,0.24539247155189514,9.478337332606316,0.1116514503955841,0.5,0.018297415226697922,0.0
1231,0.24543821811676025,9.483525723218918,0.11153540015220642,0.5,0.018315816298127174,0.0
1232,0.2470957636833191,9.568837881088257,0.11143799126148224,0.5,0.018336940556764603,0.0
1233,0.24716748297214508,9.574185147881508,0.11136755347251892,0.5,0.01835969090461731,0.0
1234,0.24614527821540833,9.52376863360405,0.11133982241153717,0.5,0.018384786322712898,0.0
1235,0.24594208598136902,9.514177471399307,0.11131705343723297,0.5,0.018410993739962578,0.0
1236,0.24658992886543274,9.547434702515602,0.11128246784210205,0.5,0.018435494974255562,0.0
1237,0.24587568640708923,9.513464972376823,0.11121274530887604,0.5,0.018459377810359,0.0
1238,0.2461264580488205,9.52866306900978,0.11110640317201614,0.5,0.018481329083442688,0.0
1239,0.24585458636283875,9.518790557980537,0.1109575629234314,0.5,0.018498586490750313,0.0
1240,0.24673676490783691,9.567574486136436,0.1107705682516098,0.5,0.018510928377509117,0.0
1241,0.24625839293003082,9.549309507012367,0.11054441332817078,0.5,0.018518997356295586,0.0
1242,0.24643513560295105,9.56499694287777,0.11027037352323532,0.5,0.018521638587117195,0.0
1243,0.2451571822166443,9.508948653936386,0.10995639860630035,0.5,0.018520094454288483,0.0
1244,0.2454129457473755,9.530417636036873,0.10960917174816132,0.5,0.018514271825551987,0.0
1245,0.24500590562820435,9.519524976611137,0.10923080146312714,0.5,0.018504563719034195,0.0
1246,0.2449556589126587,9.526741802692413,0.108841672539711,0.5,0.01848990097641945,0.0
1247,0.24491669237613678,9.53466984629631,0.10844659805297852,0.5,0.01847180537879467,0.0
1248,0.24404823780059814,9.50130333006382,0.1080443412065506,0.5,0.018449919298291206,0.0
1249,0.24415388703346252,9.516867861151695,0.1076330691576004,0.5,0.018424659967422485,0.0
1250,0.24450093507766724,9.545247852802277,0.10719195008277893,0.5,0.018396390601992607,0.0
1251,0.24449630081653595,9.556341618299484,0.10673891752958298,0.5,0.01836462691426277,0.0
1252,0.24462327361106873,9.57443930208683,0.1062689870595932,0.5,0.01833324134349823,0.0
1253,0.24224057793617249,9.466564774513245,0.10581856966018677,0.5,0.01830069161951542,0.0
1254,0.2429404854774475,9.512465804815292,0.10538233816623688,0.5,0.018266711384058,0.0
1255,0.24305599927902222,9.528844565153122,0.10495820641517639,0.5,0.018232211470603943,0.0
1256,0.24224472045898438,9.498294726014137,0.10455766320228577,0.5,0.018199622631072998,0.0
1257,0.24172458052635193,9.480988174676895,0.10420963168144226,0.5,0.018168451264500618,0.0
1258,0.24185042083263397,9.494974538683891,0.10390187054872513,0.5,0.01813785545527935,0.0
1259,0.24264052510261536,9.541318416595459,0.10362832248210907,0.5,0.018108835443854332,0.0
1260,0.2421363890171051,9.5221628844738,0.10338623821735382,0.5,0.018082145601511,0.0
1261,0.24125859141349792,9.484530538320541,0.10313597321510315,0.5,0.018055381253361702,0.0
1262,0.24076315760612488,9.465400844812393,0.10291028022766113,0.5,0.01802915334701538,0.0
1263,0.2413651943206787,9.500649228692055,0.10270439833402634,0.5,0.018002958968281746,0.0
1264,0.2399282455444336,9.434024095535278,0.10249551385641098,0.5,0.017976421862840652,0.0
1265,0.24244582653045654,9.565835013985634,0.10225825756788254,0.5,0.017949888482689857,0.0
1266,0.24171844124794006,9.535454824566841,0.10201868414878845,0.5,0.017921853810548782,0.0
1267,0.2401777058839798,9.464827120304108,0.1017623320221901,0.5,0.017893366515636444,0.0
1268,0.24067041277885437,9.496137216687202,0.10149534046649933,0.5,0.01786184310913086,0.0
1269,0.24143074452877045,9.540760338306427,0.10123106837272644,0.5,0.01783001609146595,0.0
1270,0.24020910263061523,9.486499562859535,0.1009582132101059,0.5,0.017797762528061867,0.0
1271,0.24072912335395813,9.519939556717873,0.10066065192222595,0.5,0.01776473969221115,0.0
1272,0.23857223987579346,9.41994096338749,0.10034681856632233,0.5,0.01773110032081604,0.0
1273,0.2405589520931244,9.527105614542961,0.10003368556499481,0.5,0.017697619274258614,0.0
1274,0.23903478682041168,9.458926558494568,0.09971252083778381,0.5,0.017662957310676575,0.0
1275,0.23860487341880798,9.445942282676697,0.09937204420566559,0.5,0.017627354711294174,0.0
1276,0.24001725018024445,9.525567770004272,0.09901177883148193,0.5,0.017590833827853203,0.0
1277,0.2401975840330124,9.543895810842514,0.0986393392086029,0.5,0.01755310222506523,0.0
1278,0.23999978601932526,9.543335750699043,0.09826615452766418,0.5,0.0175140593200922,0.0
1279,0.2380060851573944,9.453008085489273,0.09789185225963593,0.5,0.017473382875323296,0.0
1280,0.23860813677310944,9.49256056547165,0.09751386195421219,0.5,0.017431745305657387,0.0
1281,0.23820465803146362,9.481687307357788,0.09714183211326599,0.5,0.01739005371928215,0.0
1282,0.2379033863544464,9.475707486271858,0.0967784970998764,0.5,0.01734940893948078,0.0
1283,0.23822595179080963,9.500803828239441,0.09641975164413452,0.5,0.01730949990451336,0.0
1284,0.23655757308006287,9.426608547568321,0.09605079144239426,0.5,0.017269335687160492,0.0
1285,0.23725438117980957,9.470645308494568,0.09568296372890472,0.5,0.017228350043296814,0.0
1286,0.236770898103714,9.455710262060165,0.0953134149312973,0.5,0.017186203971505165,0.0
1287,0.23670122027397156,9.460952550172806,0.09496431797742844,0.5,0.01714523509144783,0.0
1288,0.23574410378932953,9.421315222978592,0.09463560581207275,0.5,0.017104294151067734,0.0
1289,0.23595987260341644,9.440258994698524,0.09430938959121704,0.5,0.017063846811652184,0.0
1290,0.23569674789905548,9.43549920618534,0.09397351741790771,0.5,0.017023315653204918,0.0
1291,0.23653000593185425,9.484044879674911,0.09369818866252899,0.5,0.01698322407901287,0.0
1292,0.23623746633529663,9.475087106227875,0.0934714525938034,0.5,0.016945550218224525,0.0
1293,0.2349485605955124,9.41612184047699,0.09325223416090012,0.5,0.016908768564462662,0.0
1294,0.23619022965431213,9.483912095427513,0.09302399307489395,0.5,0.016872841864824295,0.0
1295,0.23682239651679993,9.520576491951942,0.09282175451517105,0.5,0.016834881156682968,0.0
1296,0.23546019196510315,9.457559496164322,0.09261800348758698,0.5,0.01679878868162632,0.0
1297,0.23472070693969727,9.425857856869698,0.09240712225437164,0.5,0.016762612387537956,0.0
1298,0.23561429977416992,9.475876972079277,0.09219352900981903,0.5,0.01672719046473503,0.0
1299,0.2366686761379242,9.533899292349815,0.09198136627674103,0.5,0.016692129895091057,0.0
1300,0.2348414808511734,9.448199525475502,0.0917549729347229,0.5,0.01665753684937954,0.0
1301,0.23447930812835693,9.435834646224976,0.09152524173259735,0.5,0.016622815281152725,0.0
1302,0.23506592214107513,9.470916137099266,0.09129520505666733,0.5,0.016588374972343445,0.0
1303,0.23570632934570312,9.501150146126747,0.09136663377285004,0.5,0.01656314916908741,0.0
1304,0.23492777347564697,9.453011512756348,0.0917351096868515,0.5,0.016554569825530052,0.0
1305,0.2350643277168274,9.448316872119904,0.09219598770141602,0.5,0.016556164249777794,0.0
1306,0.2358567714691162,9.476176723837852,0.09266649186611176,0.5,0.016564294695854187,0.0
1307,0.23547925055027008,9.446362555027008,0.09310401231050491,0.5,0.016576625406742096,0.0
1308,0.23648452758789062,9.48744386434555,0.09347127377986908,0.5,0.016590800136327744,0.0
1309,0.23577386140823364,9.444257646799088,0.09377741813659668,0.5,0.016604673117399216,0.0
1310,0.23697128891944885,9.498356029391289,0.09400834143161774,0.5,0.01661677286028862,0.0
1311,0.23641155660152435,9.466322675347328,0.0941702127456665,0.5,0.016627315431833267,0.0
1312,0.23746469616889954,9.516516014933586,0.09426874667406082,0.5,0.01663459651172161,0.0
1313,0.2379717230796814,9.541187971830368,0.0942959189414978,0.5,0.0166387427598238,0.0
1314,0.23572054505348206,9.429436847567558,0.09426362812519073,0.5,0.016639433801174164,0.0
1315,0.23601417243480682,9.44581489264965,0.09419575333595276,0.5,0.016636716201901436,0.0
1316,0.2362825870513916,9.461613565683365,0.09410062432289124,0.5,0.016632644459605217,0.0
1317,0.23645681142807007,9.473723113536835,0.09396469593048096,0.5,0.016625316813588142,0.0
1318,0.23614871501922607,9.461713299155235,0.09382890164852142,0.5,0.01661723293364048,0.0
1319,0.23601724207401276,9.458476677536964,0.09369542449712753,0.5,0.016606397926807404,0.0
